eski_url,yeni_url,durum,grup,not
/,/,BIREBIR,ana,
/3d-animasyon,/me-collection,KURAL,ana,kategori sayfası → M&E Collection
/3ds-max,/3dsmax,KURAL,ana,slug farkı
/abc-pro,/urunler,KURAL,ana,"eski ürün tanımlanamadı, genel ürünler sayfası (onaylandı)"
/acrobat-sign,/adobe,KURAL,ana,Acrobat Sign ayrı sayfa yok → Adobe hub
/adobe,/adobe,BIREBIR,ana,
/adobe-acrobat,/adobe,KURAL,ana,Acrobat karta indirgendi → Adobe hub
/adobe-creative-cloud,/adobe,KURAL,ana,
/adobe-yaraticilik,/yaratici-icerik,KURAL,ana,kategori → Yaratıcı İçerik çözümü
/adobe-yaraticilik/acrobat-pro,/adobe,KURAL,koleksiyon:adobe-yaraticilik,model eşleşmesi: acrobat
/adobe-yaraticilik/adobe-fonts,/adobe,KURAL,koleksiyon:adobe-yaraticilik,"ayrı satılan ürün değil, ana marka sayfasına yönlendirildi (onaylandı)"
/adobe-yaraticilik/adobe-fresco,/adobe,KURAL,koleksiyon:adobe-yaraticilik,"ayrı satılan ürün değil, ana marka sayfasına yönlendirildi (onaylandı)"
/adobe-yaraticilik/adobe-stock,/adobe-stock,KURAL,koleksiyon:adobe-yaraticilik,model eşleşmesi: stock
/adobe-yaraticilik/aero,/adobe,KURAL,koleksiyon:adobe-yaraticilik,"ayrı satılan ürün değil, ana marka sayfasına yönlendirildi (onaylandı)"
/adobe-yaraticilik/after-effects,/after-effects,KURAL,koleksiyon:adobe-yaraticilik,model eşleşmesi: after-effects
/adobe-yaraticilik/animate,/adobe,KURAL,koleksiyon:adobe-yaraticilik,"ayrı satılan ürün değil, ana marka sayfasına yönlendirildi (onaylandı)"
/adobe-yaraticilik/audition,/adobe,KURAL,koleksiyon:adobe-yaraticilik,"ayrı satılan ürün değil, ana marka sayfasına yönlendirildi (onaylandı)"
/adobe-yaraticilik/behance,/adobe,KURAL,koleksiyon:adobe-yaraticilik,"ayrı satılan ürün değil, ana marka sayfasına yönlendirildi (onaylandı)"
/adobe-yaraticilik/bridge,/adobe,KURAL,koleksiyon:adobe-yaraticilik,"ayrı satılan ürün değil, ana marka sayfasına yönlendirildi (onaylandı)"
/adobe-yaraticilik/capture,/adobe,KURAL,koleksiyon:adobe-yaraticilik,"ayrı satılan ürün değil, ana marka sayfasına yönlendirildi (onaylandı)"
/adobe-yaraticilik/charachter-animator,/adobe,KURAL,koleksiyon:adobe-yaraticilik,"ayrı satılan ürün değil, ana marka sayfasına yönlendirildi (onaylandı)"
/adobe-yaraticilik/dreamweaver,/adobe,KURAL,koleksiyon:adobe-yaraticilik,"ayrı satılan ürün değil, ana marka sayfasına yönlendirildi (onaylandı)"
/adobe-yaraticilik/illustrator,/illustrator,KURAL,koleksiyon:adobe-yaraticilik,model eşleşmesi: illustrator
/adobe-yaraticilik/incopy,/adobe,KURAL,koleksiyon:adobe-yaraticilik,"ayrı satılan ürün değil, ana marka sayfasına yönlendirildi (onaylandı)"
/adobe-yaraticilik/indesign,/indesign,KURAL,koleksiyon:adobe-yaraticilik,model eşleşmesi: indesign
/adobe-yaraticilik/lightroom,/lightroom,KURAL,koleksiyon:adobe-yaraticilik,model eşleşmesi: lightroom
/adobe-yaraticilik/lightroom-classic,/lightroom,KURAL,koleksiyon:adobe-yaraticilik,model eşleşmesi: lightroom
/adobe-yaraticilik/media-encoder,/adobe,KURAL,koleksiyon:adobe-yaraticilik,"ayrı satılan ürün değil, ana marka sayfasına yönlendirildi (onaylandı)"
/adobe-yaraticilik/mixamo,/adobe,KURAL,koleksiyon:adobe-yaraticilik,"ayrı satılan ürün değil, ana marka sayfasına yönlendirildi (onaylandı)"
/adobe-yaraticilik/photoshop,/photoshop,KURAL,koleksiyon:adobe-yaraticilik,model eşleşmesi: photoshop
/adobe-yaraticilik/photoshop-express,/photoshop,KURAL,koleksiyon:adobe-yaraticilik,model eşleşmesi: photoshop
/adobe-yaraticilik/portfolio,/adobe,KURAL,koleksiyon:adobe-yaraticilik,"ayrı satılan ürün değil, ana marka sayfasına yönlendirildi (onaylandı)"
/adobe-yaraticilik/premiere-pro,/premiere-pro,KURAL,koleksiyon:adobe-yaraticilik,model eşleşmesi: premiere
/adobe-yaraticilik/premiere-rush,/premiere-pro,KURAL,koleksiyon:adobe-yaraticilik,model eşleşmesi: premiere
/adobe-yaraticilik/substance-3d-designer,/substance3d,KURAL,koleksiyon:adobe-yaraticilik,model eşleşmesi: substance
/adobe-yaraticilik/substance-3d-modeler,/substance3d,KURAL,koleksiyon:adobe-yaraticilik,model eşleşmesi: substance
/adobe-yaraticilik/substance-3d-painter,/substance3d,KURAL,koleksiyon:adobe-yaraticilik,model eşleşmesi: substance
/adobe-yaraticilik/substance-3d-sampler,/substance3d,KURAL,koleksiyon:adobe-yaraticilik,model eşleşmesi: substance
/adobe-yaraticilik/substance-3d-stager,/substance3d,KURAL,koleksiyon:adobe-yaraticilik,model eşleşmesi: substance
/advance-steel,/advance-steel,BIREBIR,ana,
/aec-collection,/aec-collection,BIREBIR,ana,
/alias,/alias,BIREBIR,ana,
/alt-yapi,/sektor-insaat,KURAL,ana,
/alt-yapi-icin-bim,/bim,KURAL,ana,
/altyapi-yazilimlari,/sektor-insaat,KURAL,ana,
/autocad,/autocad,BIREBIR,ana,
/autocad-architecture,/autocad,KURAL,ana,toolset artık AutoCAD'e dahil
/autocad-electrical,/autocad,KURAL,ana,toolset
/autocad-lt,/autocad-lt,BIREBIR,ana,
/autocad-map,/autocad,KURAL,ana,toolset (Map 3D)
/autocad-mechanical,/autocad,KURAL,ana,toolset
/autocad-mep,/autocad,KURAL,ana,toolset
/autodesk,/autodesk,BIREBIR,ana,
/autodesk-cfd,/cfd,KURAL,ana,"CFD hala satılıyor, yeni ürün sayfası oluşturuldu (2026-07-28)"
/basari,/basari-oykuleri,KURAL,ana,gerçek başarı öyküleri sayfası kuruldu (2026-07-28)
/basari-oykuleri,/basari-oykuleri,BIREBIR,ana,gerçek başarı öyküleri sayfası kuruldu (2026-07-28)
/basari-oykuleri/decons-,/basari-oykuleri#decons,KURAL,koleksiyon:basari-oykuleri,gerçek DECONS vakası bulundu (Autodesk partner sayfası)
/basari-oykuleri/desert-wildlife-conservation,/basari-oykuleri,KURAL,koleksiyon:basari-oykuleri,"Wix placeholder — eşleşen gerçek vaka yok, hub sayfaya yönlendirildi"
/basari-oykuleri/rainforest-action-initiative,/basari-oykuleri,KURAL,koleksiyon:basari-oykuleri,"Wix placeholder — eşleşen gerçek vaka yok, hub sayfaya yönlendirildi"
/basari-oykuleri/renewable-energy-program,/basari-oykuleri,KURAL,koleksiyon:basari-oykuleri,"Wix placeholder — eşleşen gerçek vaka yok, hub sayfaya yönlendirildi"
/bim,/bim,BIREBIR,ana,
/blog,/blog,BIREBIR,ana,"blog mimarisi kuruldu, 6 yazı taşındı, kalanı devam ediyor (2026-07-28)"
/blog/categories/3d-lazer-tarama,/blog,KURAL,blog-tax,"blog taksonomi sayfası kaldırıldı, client-side kategori/ürün filtresi olan bloga yönlendirildi"
/blog/categories/3d-printer,/blog,KURAL,blog-tax,"blog taksonomi sayfası kaldırıldı, client-side kategori/ürün filtresi olan bloga yönlendirildi"
/blog/categories/3d-yazıcı,/blog,KURAL,blog-tax,"blog taksonomi sayfası kaldırıldı, client-side kategori/ürün filtresi olan bloga yönlendirildi"
/blog/categories/3dsmax,/blog,KURAL,blog-tax,"blog taksonomi sayfası kaldırıldı, client-side kategori/ürün filtresi olan bloga yönlendirildi"
/blog/categories/additive-manufacturing,/blog,KURAL,blog-tax,"blog taksonomi sayfası kaldırıldı, client-side kategori/ürün filtresi olan bloga yönlendirildi"
/blog/categories/aec-i-nşaat-sektörü,/blog,KURAL,blog-tax,"blog taksonomi sayfası kaldırıldı, client-side kategori/ürün filtresi olan bloga yönlendirildi"
/blog/categories/alias,/blog,KURAL,blog-tax,"blog taksonomi sayfası kaldırıldı, client-side kategori/ürün filtresi olan bloga yönlendirildi"
/blog/categories/altyapı,/blog,KURAL,blog-tax,"blog taksonomi sayfası kaldırıldı, client-side kategori/ürün filtresi olan bloga yönlendirildi"
/blog/categories/analiz,/blog,KURAL,blog-tax,"blog taksonomi sayfası kaldırıldı, client-side kategori/ürün filtresi olan bloga yönlendirildi"
/blog/categories/animasyon,/blog,KURAL,blog-tax,"blog taksonomi sayfası kaldırıldı, client-side kategori/ürün filtresi olan bloga yönlendirildi"
/blog/categories/ar,/blog,KURAL,blog-tax,"blog taksonomi sayfası kaldırıldı, client-side kategori/ürün filtresi olan bloga yönlendirildi"
/blog/categories/architecture,/blog,KURAL,blog-tax,"blog taksonomi sayfası kaldırıldı, client-side kategori/ürün filtresi olan bloga yönlendirildi"
/blog/categories/arge,/blog,KURAL,blog-tax,"blog taksonomi sayfası kaldırıldı, client-side kategori/ürün filtresi olan bloga yönlendirildi"
/blog/categories/autocad,/blog,KURAL,blog-tax,"blog taksonomi sayfası kaldırıldı, client-side kategori/ürün filtresi olan bloga yönlendirildi"
/blog/categories/autocad-lt,/blog,KURAL,blog-tax,"blog taksonomi sayfası kaldırıldı, client-side kategori/ürün filtresi olan bloga yönlendirildi"
/blog/categories/autodesk-dynamo,/blog,KURAL,blog-tax,"blog taksonomi sayfası kaldırıldı, client-side kategori/ürün filtresi olan bloga yönlendirildi"
/blog/categories/autodesk-inventor,/blog,KURAL,blog-tax,"blog taksonomi sayfası kaldırıldı, client-side kategori/ürün filtresi olan bloga yönlendirildi"
/blog/categories/autodesk-revit,/blog,KURAL,blog-tax,"blog taksonomi sayfası kaldırıldı, client-side kategori/ürün filtresi olan bloga yönlendirildi"
/blog/categories/bim,/blog,KURAL,blog-tax,"blog taksonomi sayfası kaldırıldı, client-side kategori/ürün filtresi olan bloga yönlendirildi"
/blog/categories/bim-360,/blog,KURAL,blog-tax,"blog taksonomi sayfası kaldırıldı, client-side kategori/ürün filtresi olan bloga yönlendirildi"
/blog/categories/bim-collaborate-pro,/blog,KURAL,blog-tax,"blog taksonomi sayfası kaldırıldı, client-side kategori/ürün filtresi olan bloga yönlendirildi"
/blog/categories/bim-object,/blog,KURAL,blog-tax,"blog taksonomi sayfası kaldırıldı, client-side kategori/ürün filtresi olan bloga yönlendirildi"
/blog/categories/bulut-çözümleri,/blog,KURAL,blog-tax,"blog taksonomi sayfası kaldırıldı, client-side kategori/ürün filtresi olan bloga yönlendirildi"
/blog/categories/cad,/blog,KURAL,blog-tax,"blog taksonomi sayfası kaldırıldı, client-side kategori/ürün filtresi olan bloga yönlendirildi"
/blog/categories/cae,/blog,KURAL,blog-tax,"blog taksonomi sayfası kaldırıldı, client-side kategori/ürün filtresi olan bloga yönlendirildi"
/blog/categories/cam,/blog,KURAL,blog-tax,"blog taksonomi sayfası kaldırıldı, client-side kategori/ürün filtresi olan bloga yönlendirildi"
/blog/categories/cam-1,/blog,KURAL,blog-tax,"blog taksonomi sayfası kaldırıldı, client-side kategori/ürün filtresi olan bloga yönlendirildi"
/blog/categories/cfd,/blog,KURAL,blog-tax,"blog taksonomi sayfası kaldırıldı, client-side kategori/ürün filtresi olan bloga yönlendirildi"
/blog/categories/civil3d,/blog,KURAL,blog-tax,"blog taksonomi sayfası kaldırıldı, client-side kategori/ürün filtresi olan bloga yönlendirildi"
/blog/categories/construction,/blog,KURAL,blog-tax,"blog taksonomi sayfası kaldırıldı, client-side kategori/ürün filtresi olan bloga yönlendirildi"
/blog/categories/construction-cloud,/blog,KURAL,blog-tax,"blog taksonomi sayfası kaldırıldı, client-side kategori/ürün filtresi olan bloga yönlendirildi"
/blog/categories/digital-twin,/blog,KURAL,blog-tax,"blog taksonomi sayfası kaldırıldı, client-side kategori/ürün filtresi olan bloga yönlendirildi"
/blog/categories/dijital-i̇kiz,/blog,KURAL,blog-tax,"blog taksonomi sayfası kaldırıldı, client-side kategori/ürün filtresi olan bloga yönlendirildi"
/blog/categories/eklemeli-i̇malat,/blog,KURAL,blog-tax,"blog taksonomi sayfası kaldırıldı, client-side kategori/ürün filtresi olan bloga yönlendirildi"
/blog/categories/elektrik-tesisatı,/blog,KURAL,blog-tax,"blog taksonomi sayfası kaldırıldı, client-side kategori/ürün filtresi olan bloga yönlendirildi"
/blog/categories/elektronik,/blog,KURAL,blog-tax,"blog taksonomi sayfası kaldırıldı, client-side kategori/ürün filtresi olan bloga yönlendirildi"
/blog/categories/endüstriyel-tasarım,/blog,KURAL,blog-tax,"blog taksonomi sayfası kaldırıldı, client-side kategori/ürün filtresi olan bloga yönlendirildi"
/blog/categories/endüstriyel-tesis,/blog,KURAL,blog-tax,"blog taksonomi sayfası kaldırıldı, client-side kategori/ürün filtresi olan bloga yönlendirildi"
/blog/categories/factory-design-utilities,/blog,KURAL,blog-tax,"blog taksonomi sayfası kaldırıldı, client-side kategori/ürün filtresi olan bloga yönlendirildi"
/blog/categories/forge,/blog,KURAL,blog-tax,"blog taksonomi sayfası kaldırıldı, client-side kategori/ürün filtresi olan bloga yönlendirildi"
/blog/categories/formit,/blog,KURAL,blog-tax,"blog taksonomi sayfası kaldırıldı, client-side kategori/ürün filtresi olan bloga yönlendirildi"
/blog/categories/frezeleme,/blog,KURAL,blog-tax,"blog taksonomi sayfası kaldırıldı, client-side kategori/ürün filtresi olan bloga yönlendirildi"
/blog/categories/fusion-360,/blog,KURAL,blog-tax,"blog taksonomi sayfası kaldırıldı, client-side kategori/ürün filtresi olan bloga yönlendirildi"
/blog/categories/fusion-360-eklentileri,/blog,KURAL,blog-tax,"blog taksonomi sayfası kaldırıldı, client-side kategori/ürün filtresi olan bloga yönlendirildi"
/blog/categories/gelişmiş-i̇şleme,/blog,KURAL,blog-tax,"blog taksonomi sayfası kaldırıldı, client-side kategori/ürün filtresi olan bloga yönlendirildi"
/blog/categories/generative-design,/blog,KURAL,blog-tax,"blog taksonomi sayfası kaldırıldı, client-side kategori/ürün filtresi olan bloga yönlendirildi"
/blog/categories/hvac,/blog,KURAL,blog-tax,"blog taksonomi sayfası kaldırıldı, client-side kategori/ürün filtresi olan bloga yönlendirildi"
/blog/categories/infraworks,/blog,KURAL,blog-tax,"blog taksonomi sayfası kaldırıldı, client-side kategori/ürün filtresi olan bloga yönlendirildi"
/blog/categories/i̇nşaat,/blog,KURAL,blog-tax,"blog taksonomi sayfası kaldırıldı, client-side kategori/ürün filtresi olan bloga yönlendirildi"
/blog/categories/i̇ş-birliği,/blog,KURAL,blog-tax,"blog taksonomi sayfası kaldırıldı, client-side kategori/ürün filtresi olan bloga yönlendirildi"
/blog/categories/kablolama-ve-borulama,/blog,KURAL,blog-tax,"blog taksonomi sayfası kaldırıldı, client-side kategori/ürün filtresi olan bloga yönlendirildi"
/blog/categories/machining,/blog,KURAL,blog-tax,"blog taksonomi sayfası kaldırıldı, client-side kategori/ürün filtresi olan bloga yönlendirildi"
/blog/categories/mekanik-tesisat,/blog,KURAL,blog-tax,"blog taksonomi sayfası kaldırıldı, client-side kategori/ürün filtresi olan bloga yönlendirildi"
/blog/categories/mimari,/blog,KURAL,blog-tax,"blog taksonomi sayfası kaldırıldı, client-side kategori/ürün filtresi olan bloga yönlendirildi"
/blog/categories/montaj,/blog,KURAL,blog-tax,"blog taksonomi sayfası kaldırıldı, client-side kategori/ürün filtresi olan bloga yönlendirildi"
/blog/categories/nastran,/blog,KURAL,blog-tax,"blog taksonomi sayfası kaldırıldı, client-side kategori/ürün filtresi olan bloga yönlendirildi"
/blog/categories/navisworks,/blog,KURAL,blog-tax,"blog taksonomi sayfası kaldırıldı, client-side kategori/ürün filtresi olan bloga yönlendirildi"
/blog/categories/nesting,/blog,KURAL,blog-tax,"blog taksonomi sayfası kaldırıldı, client-side kategori/ürün filtresi olan bloga yönlendirildi"
/blog/categories/operasyon-resmi,/blog,KURAL,blog-tax,"blog taksonomi sayfası kaldırıldı, client-side kategori/ürün filtresi olan bloga yönlendirildi"
/blog/categories/pcb,/blog,KURAL,blog-tax,"blog taksonomi sayfası kaldırıldı, client-side kategori/ürün filtresi olan bloga yönlendirildi"
/blog/categories/pcb-1,/blog,KURAL,blog-tax,"blog taksonomi sayfası kaldırıldı, client-side kategori/ürün filtresi olan bloga yönlendirildi"
/blog/categories/pdm,/blog,KURAL,blog-tax,"blog taksonomi sayfası kaldırıldı, client-side kategori/ürün filtresi olan bloga yönlendirildi"
/blog/categories/plant3d,/blog,KURAL,blog-tax,"blog taksonomi sayfası kaldırıldı, client-side kategori/ürün filtresi olan bloga yönlendirildi"
/blog/categories/plazma,/blog,KURAL,blog-tax,"blog taksonomi sayfası kaldırıldı, client-side kategori/ürün filtresi olan bloga yönlendirildi"
/blog/categories/plm,/blog,KURAL,blog-tax,"blog taksonomi sayfası kaldırıldı, client-side kategori/ürün filtresi olan bloga yönlendirildi"
/blog/categories/prefabrik,/blog,KURAL,blog-tax,"blog taksonomi sayfası kaldırıldı, client-side kategori/ürün filtresi olan bloga yönlendirildi"
/blog/categories/prekast,/blog,KURAL,blog-tax,"blog taksonomi sayfası kaldırıldı, client-side kategori/ürün filtresi olan bloga yönlendirildi"
/blog/categories/proje,/blog,KURAL,blog-tax,"blog taksonomi sayfası kaldırıldı, client-side kategori/ürün filtresi olan bloga yönlendirildi"
/blog/categories/render,/blog,KURAL,blog-tax,"blog taksonomi sayfası kaldırıldı, client-side kategori/ürün filtresi olan bloga yönlendirildi"
/blog/categories/render-1,/blog,KURAL,blog-tax,"blog taksonomi sayfası kaldırıldı, client-side kategori/ürün filtresi olan bloga yönlendirildi"
/blog/categories/robot-structural-analysis,/blog,KURAL,blog-tax,"blog taksonomi sayfası kaldırıldı, client-side kategori/ürün filtresi olan bloga yönlendirildi"
/blog/categories/sac-metal-tasarımı,/blog,KURAL,blog-tax,"blog taksonomi sayfası kaldırıldı, client-side kategori/ürün filtresi olan bloga yönlendirildi"
/blog/categories/simulasyon,/blog,KURAL,blog-tax,"blog taksonomi sayfası kaldırıldı, client-side kategori/ürün filtresi olan bloga yönlendirildi"
/blog/categories/su-jeti,/blog,KURAL,blog-tax,"blog taksonomi sayfası kaldırıldı, client-side kategori/ürün filtresi olan bloga yönlendirildi"
/blog/categories/süreç-yönetimi,/blog,KURAL,blog-tax,"blog taksonomi sayfası kaldırıldı, client-side kategori/ürün filtresi olan bloga yönlendirildi"
/blog/categories/tasarım,/blog,KURAL,blog-tax,"blog taksonomi sayfası kaldırıldı, client-side kategori/ürün filtresi olan bloga yönlendirildi"
/blog/categories/tasarım-otomasyonu,/blog,KURAL,blog-tax,"blog taksonomi sayfası kaldırıldı, client-side kategori/ürün filtresi olan bloga yönlendirildi"
/blog/categories/teknik-resim,/blog,KURAL,blog-tax,"blog taksonomi sayfası kaldırıldı, client-side kategori/ürün filtresi olan bloga yönlendirildi"
/blog/categories/tips-tricks,/blog,KURAL,blog-tax,"blog taksonomi sayfası kaldırıldı, client-side kategori/ürün filtresi olan bloga yönlendirildi"
/blog/categories/tolarance-analysis,/blog,KURAL,blog-tax,"blog taksonomi sayfası kaldırıldı, client-side kategori/ürün filtresi olan bloga yönlendirildi"
/blog/categories/topografya-modelleme,/blog,KURAL,blog-tax,"blog taksonomi sayfası kaldırıldı, client-side kategori/ürün filtresi olan bloga yönlendirildi"
/blog/categories/tornalama,/blog,KURAL,blog-tax,"blog taksonomi sayfası kaldırıldı, client-side kategori/ürün filtresi olan bloga yönlendirildi"
/blog/categories/tube-pipe,/blog,KURAL,blog-tax,"blog taksonomi sayfası kaldırıldı, client-side kategori/ürün filtresi olan bloga yönlendirildi"
/blog/categories/uzaktan-çalışma,/blog,KURAL,blog-tax,"blog taksonomi sayfası kaldırıldı, client-side kategori/ürün filtresi olan bloga yönlendirildi"
/blog/categories/vault,/blog,KURAL,blog-tax,"blog taksonomi sayfası kaldırıldı, client-side kategori/ürün filtresi olan bloga yönlendirildi"
/blog/categories/veri-yönetimi,/blog,KURAL,blog-tax,"blog taksonomi sayfası kaldırıldı, client-side kategori/ürün filtresi olan bloga yönlendirildi"
/blog/categories/vr,/blog,KURAL,blog-tax,"blog taksonomi sayfası kaldırıldı, client-side kategori/ürün filtresi olan bloga yönlendirildi"
/blog/categories/vred,/blog,KURAL,blog-tax,"blog taksonomi sayfası kaldırıldı, client-side kategori/ürün filtresi olan bloga yönlendirildi"
/blog/categories/vred-1,/blog,KURAL,blog-tax,"blog taksonomi sayfası kaldırıldı, client-side kategori/ürün filtresi olan bloga yönlendirildi"
/blog/categories/xr,/blog,KURAL,blog-tax,"blog taksonomi sayfası kaldırıldı, client-side kategori/ürün filtresi olan bloga yönlendirildi"
/blog/categories/yüzey-modelleme,/blog,KURAL,blog-tax,"blog taksonomi sayfası kaldırıldı, client-side kategori/ürün filtresi olan bloga yönlendirildi"
/blog/categories/çakışma-analizi,/blog,KURAL,blog-tax,"blog taksonomi sayfası kaldırıldı, client-side kategori/ürün filtresi olan bloga yönlendirildi"
/blog/categories/üretim,/blog,KURAL,blog-tax,"blog taksonomi sayfası kaldırıldı, client-side kategori/ürün filtresi olan bloga yönlendirildi"
/blog/categories/üretken-tasatım,/blog,KURAL,blog-tax,"blog taksonomi sayfası kaldırıldı, client-side kategori/ürün filtresi olan bloga yönlendirildi"
/blog/categories/ürün-tasarımı,/blog,KURAL,blog-tax,"blog taksonomi sayfası kaldırıldı, client-side kategori/ürün filtresi olan bloga yönlendirildi"
/blog/categories/ürün-yaşam-döngüsü,/blog,KURAL,blog-tax,"blog taksonomi sayfası kaldırıldı, client-side kategori/ürün filtresi olan bloga yönlendirildi"
/blog/categories/şantiye,/blog,KURAL,blog-tax,"blog taksonomi sayfası kaldırıldı, client-side kategori/ürün filtresi olan bloga yönlendirildi"
/bosalan,/,KURAL,ana,Wix boş sayfa
/cam-ve-imalat-teknolojileri,/cam,KURAL,ana,
/cam-ve-imalat-yazilimlari,/cam,KURAL,ana,
/chaos,/chaos,BIREBIR,ana,
/chaos/chaos-phoneix,/chaos,KURAL,koleksiyon:chaos,"ayrı satılan ürün değil, ana marka sayfasına yönlendirildi (onaylandı)"
/chaos/chaos-scans,/chaos,KURAL,koleksiyon:chaos,"ayrı satılan ürün değil, ana marka sayfasına yönlendirildi (onaylandı)"
/chaos/v-ray-app-sdk,/chaos,KURAL,koleksiyon:chaos,model eşleşmesi: v-ray
/chaos/v-ray-for-3ds-max,/chaos,KURAL,koleksiyon:chaos,model eşleşmesi: v-ray
/chaos/v-ray-for-blender,/chaos,KURAL,koleksiyon:chaos,model eşleşmesi: v-ray
/chaos/v-ray-for-cinema-4d,/chaos,KURAL,koleksiyon:chaos,model eşleşmesi: v-ray
/chaos/v-ray-for-form.z,/chaos,KURAL,koleksiyon:chaos,model eşleşmesi: v-ray
/chaos/v-ray-for-houdini,/chaos,KURAL,koleksiyon:chaos,model eşleşmesi: v-ray
/chaos/v-ray-for-maya,/chaos,KURAL,koleksiyon:chaos,model eşleşmesi: v-ray
/chaos/v-ray-for-nuke,/chaos,KURAL,koleksiyon:chaos,model eşleşmesi: v-ray
/chaos/v-ray-for-revit,/chaos,KURAL,koleksiyon:chaos,model eşleşmesi: v-ray
/chaos/v-ray-for-rhino,/chaos,KURAL,koleksiyon:chaos,model eşleşmesi: v-ray
/chaos/v-ray-for-sketchup,/chaos,KURAL,koleksiyon:chaos,model eşleşmesi: v-ray
/chaos/v-ray-for-unreal,/chaos,KURAL,koleksiyon:chaos,model eşleşmesi: v-ray
/chaos/v-ray-render-node,/chaos,KURAL,koleksiyon:chaos,model eşleşmesi: v-ray
/cozumler,/cozumler,BIREBIR,ana,
/danismanlik,/danismanlik,BIREBIR,ana,
/danismanlik/aec-sekt%C3%B6r%C3%BC-bim-entegrasyon-program%C4%B1,/danismanlik,KURAL,koleksiyon:danismanlik,
/danismanlik/bim-i%CC%87%C3%A7eri%C4%9Fi-%C3%BCretimi-%2F-bim-obje-olu%C5%9Fturma,/danismanlik,KURAL,koleksiyon:danismanlik,
/danismanlik/cad---erp---mrp-entegrasyonlar%C4%B1,/danismanlik,KURAL,koleksiyon:danismanlik,
/danismanlik/cfd-ve-fea-analiz-ve-sim%C3%BClasyon-hizmetleri,/danismanlik,KURAL,koleksiyon:danismanlik,
/danismanlik/i%CC%87n%C5%9Faat-teknolojisi-s%C3%BCre%C3%A7-analizi,/danismanlik,KURAL,koleksiyon:danismanlik,
/danismanlik/pdm---%C3%BCr%C3%BCn-veri-y%C3%B6netimi-projeleri,/danismanlik,KURAL,koleksiyon:danismanlik,
/danismanlik/plm---%C3%BCr%C3%BCn-ya%C5%9Fam-d%C3%B6ng%C3%BCs%C3%BC-projeleri,/danismanlik,KURAL,koleksiyon:danismanlik,
/danismanlik/revit-family-olu%C5%9Fturma,/danismanlik,KURAL,koleksiyon:danismanlik,
/danismanlik/tasar%C4%B1m---%C3%BCretim---sat%C4%B1%C5%9F-otomasyonlar%C4%B1,/danismanlik,KURAL,koleksiyon:danismanlik,
/designjet-fotograf,/designjet,KURAL,ana,
/designjet-fotograf/hp-designjet-postscript-z9-44%22-yaz%C4%B1c%C4%B1,/designjet-z9pro,KURAL,koleksiyon:designjet-fotograf,model eşleşmesi: z9
/designjet-fotograf/hp-designjet-z9%2B-pro-64%22-yaz%C4%B1c%C4%B1,/designjet-z9pro,KURAL,koleksiyon:designjet-fotograf,model eşleşmesi: z9
/designjet-grafik,/designjet,KURAL,ana,
/designjet-grafik/hp-designjet-postscript-z6-yaz%C4%B1c%C4%B1-serisi,/designjet-z6pro,KURAL,koleksiyon:designjet-grafik,model eşleşmesi: z6
/designjet-grafik/hp-designjet-postscript-z9-yaz%C4%B1c%C4%B1-serisi,/designjet-z9pro,KURAL,koleksiyon:designjet-grafik,model eşleşmesi: z9
/designjet-grafik/hp-designjet-z9-pro-64-%22-yaz%C4%B1c%C4%B1,/designjet-z9pro,KURAL,koleksiyon:designjet-grafik,model eşleşmesi: z9
/designjet-ofis,/designjet,KURAL,ana,
/designjet-ofis/hp-t1600,/designjet-t1600,KURAL,koleksiyon:designjet-ofis,model eşleşmesi: t1600
/designjet-ofis/hp-t1700,/designjet-t1700,KURAL,koleksiyon:designjet-ofis,model eşleşmesi: t1700
/designjet-ofis/hp-t230,/designjet-t200,KURAL,koleksiyon:designjet-ofis,model eşleşmesi: t230
/designjet-ofis/hp-t2600,/designjet-t2600,KURAL,koleksiyon:designjet-ofis,model eşleşmesi: t2600
/designjet-ofis/hp-t630-24,/designjet-t600,KURAL,koleksiyon:designjet-ofis,model eşleşmesi: t630
/designjet-ofis/hp-t630-36,/designjet-t600,KURAL,koleksiyon:designjet-ofis,model eşleşmesi: t630
/designjet-ofis/hp-t730,/designjet,KURAL,koleksiyon:designjet-ofis,"T730 EOL, yerine geçen model sayfası yok, seri hub sayfasına yönlendirildi (onaylandı)"
/designjet-ofis/hp-t830-24,/designjet-t830,KURAL,koleksiyon:designjet-ofis,model eşleşmesi: t830
/designjet-ofis/hp-t830-36,/designjet-t830,KURAL,koleksiyon:designjet-ofis,model eşleşmesi: t830
/designjet-ofis/hp-t850,/designjet-t850,KURAL,koleksiyon:designjet-ofis,model eşleşmesi: t850
/designjet-ofis/hp-t950,/designjet-t950,KURAL,koleksiyon:designjet-ofis,model eşleşmesi: t950
/designjet-sarf,/designjet,KURAL,ana,"geçici — DesignJet sarf malzeme sayfası planlandı, açılınca hedef güncellenecek"
/designjet-sarf/hp-bask%C4%B1-kafas%C4%B1-seti,/designjet,KURAL,koleksiyon:designjet-sarf,geçici — DesignJet sarf malzeme sayfası planlandı
/designjet-sarf/hp-k%C4%B1rm%C4%B1z%C4%B1-kartu%C5%9F-(29ml),/designjet,KURAL,koleksiyon:designjet-sarf,geçici — DesignJet sarf malzeme sayfası planlandı
/designjet-sarf/hp-k%C4%B1rm%C4%B1z%C4%B1-kartu%C5%9F-(29ml-x-3&apos;l%C3%BC-paket),/designjet,KURAL,koleksiyon:designjet-sarf,geçici — DesignJet sarf malzeme sayfası planlandı
/designjet-sarf/hp-mavi-kartu%C5%9F(29ml-x-3&apos;l%C3%BC-paket),/designjet,KURAL,koleksiyon:designjet-sarf,geçici — DesignJet sarf malzeme sayfası planlandı
/designjet-sarf/hp-mavi-kartu%C5%9F-(29ml),/designjet,KURAL,koleksiyon:designjet-sarf,geçici — DesignJet sarf malzeme sayfası planlandı
/designjet-sarf/hp-renkli-3-l%C3%BC-paket-29ml-cam-g%C3%B6be%C4%9Fi---magenta----sar%C4%B1,/designjet,KURAL,koleksiyon:designjet-sarf,geçici — DesignJet sarf malzeme sayfası planlandı
/designjet-sarf/hp-sar%C4%B1-kartu%C5%9F-(29ml),/designjet,KURAL,koleksiyon:designjet-sarf,geçici — DesignJet sarf malzeme sayfası planlandı
/designjet-sarf/hp-sar%C4%B1-kartu%C5%9F-(29ml-x-3&apos;l%C3%BC-paket),/designjet,KURAL,koleksiyon:designjet-sarf,geçici — DesignJet sarf malzeme sayfası planlandı
/designjet-sarf/hp-siyah-2li-paket-80ml-designjet-m%C3%BCrekkep-kartu%C5%9Fu,/designjet,KURAL,koleksiyon:designjet-sarf,geçici — DesignJet sarf malzeme sayfası planlandı
/designjet-sarf/hp-siyah-kartu%C5%9F-(38ml),/designjet,KURAL,koleksiyon:designjet-sarf,geçici — DesignJet sarf malzeme sayfası planlandı
/designjet-sarf/hp-siyah-kartu%C5%9F-(80ml),/designjet,KURAL,koleksiyon:designjet-sarf,geçici — DesignJet sarf malzeme sayfası planlandı
/designjet-tarayici,/designjet-hd-pro,KURAL,ana,alt modeller ayrı eşleşti (hd-pro / sd-pro); genel slug HD Pro'ya
/designjet-tarayici/hp-designjet-hd-pro-42%22-taray%C4%B1c%C4%B1,/designjet-hd-pro,KURAL,koleksiyon:designjet-tarayici,model eşleşmesi: hd-pro
/designjet-tarayici/hp-sd-pro-44%22-taray%C4%B1c%C4%B1,/designjet-sd-pro,KURAL,koleksiyon:designjet-tarayici,model eşleşmesi: sd-pro
/designjet-uretim,/designjet,KURAL,ana,
/designjet-uretim/hp-designjet-xl-3600-36%22,/designjet-xl3600,KURAL,koleksiyon:designjet-uretim,model eşleşmesi: xl-3600
/designjet-uretim/hp-designjet-xl-3800-36%22,/designjet-xl3800,KURAL,koleksiyon:designjet-uretim,model eşleşmesi: xl-3800
/designjet-uretim/hp-designjet-z6-pro-64%22,/designjet-z6pro,KURAL,koleksiyon:designjet-uretim,model eşleşmesi: z6-pro
/designjet-uretim/hp-designjet-z9-pro-64%22,/designjet-z9pro,KURAL,koleksiyon:designjet-uretim,model eşleşmesi: z9
/egitimler,/egitimler,BIREBIR,ana,
/egitimler/3ds-max-egitimi,/egitimler,KURAL,koleksiyon:egitimler,eğitim detayları katalogda
/egitimler/advance-steel-egitimi,/egitimler,KURAL,koleksiyon:egitimler,eğitim detayları katalogda
/egitimler/arnold-egitimi,/egitimler,KURAL,koleksiyon:egitimler,eğitim detayları katalogda
/egitimler/autocad-2d-egitimi,/egitimler,KURAL,koleksiyon:egitimler,eğitim detayları katalogda
/egitimler/autocad-3d-egitimi,/egitimler,KURAL,koleksiyon:egitimler,eğitim detayları katalogda
/egitimler/autocad-elektrik-egitimi,/egitimler,KURAL,koleksiyon:egitimler,eğitim detayları katalogda
/egitimler/autocad-lt-egitimi,/egitimler,KURAL,koleksiyon:egitimler,eğitim detayları katalogda
/egitimler/autocad-mechanical-egitimi,/egitimler,KURAL,koleksiyon:egitimler,eğitim detayları katalogda
/egitimler/autocad-mep-egitimi,/egitimler,KURAL,koleksiyon:egitimler,eğitim detayları katalogda
/egitimler/autodesk-vault-egitimi,/egitimler,KURAL,koleksiyon:egitimler,eğitim detayları katalogda
/egitimler/fabrication-cadmep-egitimi,/egitimler,KURAL,koleksiyon:egitimler,eğitim detayları katalogda
/egitimler/fabrication-camduct-egitimi,/egitimler,KURAL,koleksiyon:egitimler,eğitim detayları katalogda
/egitimler/fabrication-estmep-egitimi,/egitimler,KURAL,koleksiyon:egitimler,eğitim detayları katalogda
/egitimler/factory-design-utility-egitimi,/egitimler,KURAL,koleksiyon:egitimler,eğitim detayları katalogda
/egitimler/fusion-360-additive-build-egitimi,/egitimler,KURAL,koleksiyon:egitimler,eğitim detayları katalogda
/egitimler/fusion-360-analiz-egitimi,/egitimler,KURAL,koleksiyon:egitimler,eğitim detayları katalogda
/egitimler/fusion-360-cam-egitimi,/egitimler,KURAL,koleksiyon:egitimler,eğitim detayları katalogda
/egitimler/fusion-360-generative-design-egitimi,/egitimler,KURAL,koleksiyon:egitimler,eğitim detayları katalogda
/egitimler/fusion-360-modelleme-egitimi,/egitimler,KURAL,koleksiyon:egitimler,eğitim detayları katalogda
/egitimler/fusion-360-with-eagle-egitimi,/egitimler,KURAL,koleksiyon:egitimler,eğitim detayları katalogda
/egitimler/fusion-360-with-netfabb-egitimi,/egitimler,KURAL,koleksiyon:egitimler,eğitim detayları katalogda
/egitimler/inventor-cam-egitimi,/egitimler,KURAL,koleksiyon:egitimler,eğitim detayları katalogda
/egitimler/inventor-egitimi,/egitimler,KURAL,koleksiyon:egitimler,eğitim detayları katalogda
/egitimler/inventor-elektrik-egitimi,/egitimler,KURAL,koleksiyon:egitimler,eğitim detayları katalogda
/egitimler/inventor-metal-kalip-egitimi,/egitimler,KURAL,koleksiyon:egitimler,eğitim detayları katalogda
/egitimler/inventor-nastran-egitimi,/egitimler,KURAL,koleksiyon:egitimler,eğitim detayları katalogda
/egitimler/inventor-nesting-egitimi,/egitimler,KURAL,koleksiyon:egitimler,eğitim detayları katalogda
/egitimler/inventor-plastik-enjeksiyon-kalip-tasarimi-egitimi,/egitimler,KURAL,koleksiyon:egitimler,eğitim detayları katalogda
/egitimler/inventor-sac-metal-kalip-egitimi,/egitimler,KURAL,koleksiyon:egitimler,eğitim detayları katalogda
/egitimler/inventor-tolerance-analysis-egitimi,/egitimler,KURAL,koleksiyon:egitimler,eğitim detayları katalogda
/egitimler/plant-3d-egitimi,/egitimler,KURAL,koleksiyon:egitimler,eğitim detayları katalogda
/egitimler/revit-elektrik-egitimi,/egitimler,KURAL,koleksiyon:egitimler,eğitim detayları katalogda
/egitimler/revit-family-egitimi,/egitimler,KURAL,koleksiyon:egitimler,eğitim detayları katalogda
/egitimler/revit-hvac-egitimi,/egitimler,KURAL,koleksiyon:egitimler,eğitim detayları katalogda
/egitimler/revit-mekanik-egitimi,/egitimler,KURAL,koleksiyon:egitimler,eğitim detayları katalogda
/egitimler/revit-mimari-egitimi,/egitimler,KURAL,koleksiyon:egitimler,eğitim detayları katalogda
/egitimler/revit-statik-egitimi,/egitimler,KURAL,koleksiyon:egitimler,eğitim detayları katalogda
/egitimler/revit-tesisat-egitimi,/egitimler,KURAL,koleksiyon:egitimler,eğitim detayları katalogda
/egitimler/vehicle-tracking-egitimi,/egitimler,KURAL,koleksiyon:egitimler,eğitim detayları katalogda
/endustri,/endustriler,KURAL,ana,"gerçek Endüstriler indeks sayfası bulundu, düzeltildi"
/etkinlikler,/,KURAL,ana,"planlanmış etkinlik yok, anasayfaya yönlendirildi (onaylandı)"
/etkinlikler/dijital-d%C3%B6n%C3%BC%C5%9F%C3%BCm%3A-yapay-zek%C3%A2-ve-entegre-%C3%A7%C3%B6z%C3%BCmler-ile-verimlili%C4%9Finizi-artt%C4%B1r%C4%B1n-tarih%3A-15-ocak-2025-yer%3A-tasigo-otel%2C-eski%C5%9Fehir,/,KURAL,koleksiyon:etkinlikler,"geçmiş etkinlik, anasayfaya yönlendirildi (onaylandı)"
/fabrication,/fabrication-cadmep,KURAL,ana,CADmep/ESTmep/CAMduct için ayrı sayfalar oluşturuldu (2026-07-28)
/fabrika-tasarimi-ve-dijital-ikiz,/fabrika-tasarimi,KURAL,ana,
/factory-design-utilities,/factory-design,KURAL,ana,slug farkı
/farkli-cad-sistemleri,/urunler,KURAL,ana,
/film-vfx-yazilimlari,/sektor-medya,KURAL,ana,
/fotografcilik-ve-videografi,/adobe,KURAL,ana,
/fusion,/fusion,BIREBIR,ana,
/fusion360-manage,/fusion-manage,KURAL,ana,Fusion 360 Manage → Fusion Manage (yeni ad)
/gorsel-efekt,/sektor-medya,KURAL,ana,
/hata,/,KURAL,ana,Wix hata sayfası
/hp-is-istasyonlari,/hp,KURAL,ana,
/hp-masaustu-workstation,/hp-z-workstation,KURAL,ana,
/hp-masaustu-workstation/5e0z7es,/hp-z-workstation,KURAL,koleksiyon:hp-masaustu-workstation,
/hp-masaustu-workstation/5e0z8es,/hp-z-workstation,KURAL,koleksiyon:hp-masaustu-workstation,
/hp-masaustu-workstation/5e0z9es,/hp-z-workstation,KURAL,koleksiyon:hp-masaustu-workstation,
/hp-masaustu-workstation/5e1a0es,/hp-z-workstation,KURAL,koleksiyon:hp-masaustu-workstation,
/hp-masaustu-workstation/5e1g1es,/hp-z-workstation,KURAL,koleksiyon:hp-masaustu-workstation,
/hp-masaustu-workstation/5e8e6ea,/hp-z-workstation,KURAL,koleksiyon:hp-masaustu-workstation,
/hp-masaustu-workstation/5e8f7ea,/hp-z-workstation,KURAL,koleksiyon:hp-masaustu-workstation,
/hp-masaustu-workstation/5e8g1ea,/hp-z-workstation,KURAL,koleksiyon:hp-masaustu-workstation,
/hp-masaustu-workstation/5e8g3ea,/hp-z-workstation,KURAL,koleksiyon:hp-masaustu-workstation,
/hp-masaustu-workstation/5e8g4ea,/hp-z-workstation,KURAL,koleksiyon:hp-masaustu-workstation,
/hp-masaustu-workstation/5e8g6ea,/hp-z-workstation,KURAL,koleksiyon:hp-masaustu-workstation,
/hp-masaustu-workstation/5e8k4ea,/hp-z-workstation,KURAL,koleksiyon:hp-masaustu-workstation,
/hp-masaustu-workstation/5f163ea,/hp-z-workstation,KURAL,koleksiyon:hp-masaustu-workstation,
/hp-masaustu-workstation/5f164ea,/hp-z-workstation,KURAL,koleksiyon:hp-masaustu-workstation,
/hp-masaustu-workstation/5f169ea,/hp-z-workstation,KURAL,koleksiyon:hp-masaustu-workstation,
/hp-masaustu-workstation/5f170ea,/hp-z-workstation,KURAL,koleksiyon:hp-masaustu-workstation,
/hp-masaustu-workstation/5f826es,/hp-z-workstation,KURAL,koleksiyon:hp-masaustu-workstation,
/hp-masaustu-workstation/5f827es,/hp-z-workstation,KURAL,koleksiyon:hp-masaustu-workstation,
/hp-masaustu-workstation/5f828es,/hp-z-workstation,KURAL,koleksiyon:hp-masaustu-workstation,
/hp-masaustu-workstation/5f829es,/hp-z-workstation,KURAL,koleksiyon:hp-masaustu-workstation,
/hp-masaustu-workstation/5f830es,/hp-z-workstation,KURAL,koleksiyon:hp-masaustu-workstation,
/hp-masaustu-workstation/5f870es,/hp-z-workstation,KURAL,koleksiyon:hp-masaustu-workstation,
/hp-masaustu-workstation/5f871es,/hp-z-workstation,KURAL,koleksiyon:hp-masaustu-workstation,
/hp-masaustu-workstation/5f873es,/hp-z-workstation,KURAL,koleksiyon:hp-masaustu-workstation,
/hp-mobil-isistasyonu,/hp-zbook,KURAL,ana,
/hp-mobil-isistasyonu/hp-zbook-firefly-14-g10,/hp-zbook,KURAL,koleksiyon:hp-mobil-isistasyonu,
/hp-mobil-isistasyonu/hp-zbook-firefly-16-g10,/hp-zbook,KURAL,koleksiyon:hp-mobil-isistasyonu,
/hp-mobil-isistasyonu/hp-zbook-fury-16-g10,/hp-zbook,KURAL,koleksiyon:hp-mobil-isistasyonu,
/hp-mobil-isistasyonu/hp-zbook-power-15-g10,/hp-zbook,KURAL,koleksiyon:hp-mobil-isistasyonu,
/hp-mobil-isistasyonu/hp-zbook-studio-16-g10,/hp-zbook,KURAL,koleksiyon:hp-mobil-isistasyonu,
/hp-performans-monitor,/hp-monitor,KURAL,ana,"HP Z Monitör sayfası mevcut (cadbim_hp_monitor.html), canonical düzeltilip yönlendirildi"
/hp-performans-monitor/hp-z24f,/hp-monitor,KURAL,koleksiyon:hp-performans-monitor,HP Z Monitör sayfasına yönlendirildi
/hp-performans-monitor/hp-z24n,/hp-monitor,KURAL,koleksiyon:hp-performans-monitor,HP Z Monitör sayfasına yönlendirildi
/hp-performans-monitor/hp-z25xs,/hp-monitor,KURAL,koleksiyon:hp-performans-monitor,HP Z Monitör sayfasına yönlendirildi
/hp-performans-monitor/hp-z27k,/hp-monitor,KURAL,koleksiyon:hp-performans-monitor,HP Z Monitör sayfasına yönlendirildi
/hp-performans-monitor/hp-z27q,/hp-monitor,KURAL,koleksiyon:hp-performans-monitor,HP Z Monitör sayfasına yönlendirildi
/hp-performans-monitor/hp-z27u,/hp-monitor,KURAL,koleksiyon:hp-performans-monitor,HP Z Monitör sayfasına yönlendirildi
/hp-performans-monitor/hp-z27xs,/hp-monitor,KURAL,koleksiyon:hp-performans-monitor,HP Z Monitör sayfasına yönlendirildi
/hp-performans-monitor/hp-z32,/hp-monitor,KURAL,koleksiyon:hp-performans-monitor,HP Z Monitör sayfasına yönlendirildi
/hp-performans-monitor/hp-z43,/hp-monitor,KURAL,koleksiyon:hp-performans-monitor,HP Z Monitör sayfasına yönlendirildi
/hp-plotter,/designjet,KURAL,ana,
/hp-plotter-servis,/hp,KURAL,ana,HP hub sayfası zaten Yetkili Servis içeriyor (onaylandı)
/hsm-works,/fusion,KURAL,ana,HSMWorks → Fusion CAM'e evrildi (onaylandı)
/iletisim,/iletisim,BIREBIR,ana,
/infraworks,/infraworks,BIREBIR,ana,
/insaat-icin-bim,/bim,KURAL,ana,
/insaat-proje-yönetimi,/insaat-yonetimi,KURAL,ana,URL'de Türkçe karakter vardı
/insaat-yazilimlari,/sektor-insaat,KURAL,ana,
/inventor,/inventor,BIREBIR,ana,
/inventor-cam,/cam,KURAL,ana,Inventor CAM → CAM çözüm sayfası
/inventor-nesting,/nesting,KURAL,ana,
/kampanyalar,/,KURAL,ana,"kampanya sayfası kurulmayacak, anasayfaya yönlendirildi (onaylandı)"
/kampanyalar/autodesk-ekim-kampanyas%C4%B1,/,KURAL,koleksiyon:kampanyalar,anasayfaya yönlendirildi (onaylandı)
/kampanyalar/hp-designjet-t850-ve-t950-serisi,/,KURAL,koleksiyon:kampanyalar,anasayfaya yönlendirildi (onaylandı)
/kampanyalar/hp-designjet-xl-3800-ve-takas,/,KURAL,koleksiyon:kampanyalar,anasayfaya yönlendirildi (onaylandı)
/kampanyalar/t850-kampanya,/,KURAL,koleksiyon:kampanyalar,anasayfaya yönlendirildi (onaylandı)
/kvkk,/kvkk,BIREBIR,ana,
/kvkk/%C3%A7al%C4%B1%C5%9Fan-aday%C4%B1-ayd%C4%B1nlatma-metni,/kvkk,KURAL,koleksiyon:kvkk,
/kvkk/%C3%A7erez-politikas%C4%B1,/kvkk,KURAL,koleksiyon:kvkk,
/kvkk/gizlilik-politikas%C4%B1,/kvkk,KURAL,koleksiyon:kvkk,
/kvkk/i%CC%87lgili-ki%C5%9Fi-ba%C5%9Fvuru-formu--(ki%C5%9Fisel-veri-ba%C5%9Fvuru-ve-yan%C4%B1t-prosed%C3%BCr%C3%BC),/kvkk,KURAL,koleksiyon:kvkk,
/kvkk/i%CC%87nternet-sitesi-kullan%C4%B1c%C4%B1lar%C4%B1-i%CC%87%C3%A7in-ayd%C4%B1nlatma-metni,/kvkk,KURAL,koleksiyon:kvkk,
/kvkk/ki%C5%9Fisel-verilerin-korunmas%C4%B1-ve-i%CC%87%C5%9Flenmesi-politikas%C4%B1,/kvkk,KURAL,koleksiyon:kvkk,
/kvkk/m%C3%BC%C5%9Fteri-ayd%C4%B1nlatma-metni,/kvkk,KURAL,koleksiyon:kvkk,
/kvkk/potansiyel-m%C3%BC%C5%9Fteri-ayd%C4%B1nlatma-metni,/kvkk,KURAL,koleksiyon:kvkk,
/kvkk/privacy-policy,/kvkk,KURAL,koleksiyon:kvkk,
/kvkk/tedarik%C3%A7i-%C3%A7al%C4%B1%C5%9Fan%C4%B1-ayd%C4%B1nlatma-metni,/kvkk,KURAL,koleksiyon:kvkk,
/kvkk/tedarik%C3%A7i-ayd%C4%B1nlatma-metni,/kvkk,KURAL,koleksiyon:kvkk,
/makine-ve-ekipman-uretimi,/sektor-makine,KURAL,ana,
/maya,/maya,BIREBIR,ana,
/mecollection,/me-collection,KURAL,ana,slug farkı
/mekanik-tesisat,/bim,KURAL,ana,MEP içerik BIM sayfasında (onaylandı)
/mekanik-tesisat-yazilimlari,/bim,KURAL,ana,MEP içerik BIM sayfasında (onaylandı)
/mep-icin-bim,/bim,KURAL,ana,
/mimari,/sektor-mimari,KURAL,ana,
/mimarlik-icin-bim,/bim,KURAL,ana,
/mimarlik-yazilimlari,/sektor-mimari,KURAL,ana,
/nastran,/inventor,KURAL,ana,Nastran → Inventor Nastran; Inventor sayfasına bölüm eklendi (2026-07-28)
/navisworks,/navisworks,BIREBIR,ana,
/otomotiv,/sektor-otomotiv,KURAL,ana,
/otomotiv-agirlik-azaltma,/sektor-otomotiv,KURAL,ana,
/oyun-vr-yazilimlari,/sektor-medya,KURAL,ana,
/pdm,/pdm,BIREBIR,ana,
/pdmc,/pdm-collection,KURAL,ana,slug farkı
/plant-3d,/autocad,KURAL,ana,toolset (Plant 3D)
/plm,/plm,BIREBIR,ana,
/plm-ve-pdm-yazilimlari,/plm,KURAL,ana,
/point-layout,/revit,KURAL,ana,Point Layout EOL → Revit'e yönlendirildi
/post/3-boyutlu-lazer-tarama-teknolojileri-ve-cad-yazılımları-ile-uyumu,/post/3-boyutlu-lazer-tarama-teknolojileri-ve-cad-yazilimlari-ile-uyumu,BIREBIR,blog-post,yazı taşındı (2026-07-28)
/post/3d-yazıcılar-ve-endüstride-kullanım-örnekleri,/post/3d-yazicilar-ve-endustride-kullanim-ornekleri,BIREBIR,blog-post,yazı taşındı (2026-07-28)
/post/3ds-max-modifier-set-özelleştirme,/post/3ds-max-modifier-set-özelleştirme,BIREBIR,blog-post,migrate edildi
/post/3ds-max-obje-seçimi,/post/3ds-max-obje-seçimi,BIREBIR,blog-post,migrate edildi
/post/4-adımda-operasyon-resimlerinin-oluşturulması,/post/4-adımda-operasyon-resimlerinin-oluşturulması,BIREBIR,blog-post,migrate edildi
/post/alias-autostudio,/post/alias-autostudio,BIREBIR,blog-post,yazı taşındı (2026-07-28)
/post/alias-concept,/post/alias-concept,BIREBIR,blog-post,migrate edildi
/post/altyapı-ve-karayolu-projelerinde-saha-ve-yapı-tasarım-koordinasyonu,/post/altyapi-ve-karayolu-projelerinde-saha-ve-yapi-tasarim-koordinasyonu,BIREBIR,blog-post,yazı taşındı (2026-07-28)
/post/arge-mühendisleri-için-uzaktan-tasarım-çözümleri,/post/arge-muhendisleri-icin-uzaktan-tasarim-cozumleri,BIREBIR,blog-post,yazı taşındı (2026-07-28)
/post/autocad-2021-yenilikleri-ve-genel-özellikleri,/post/autocad-2021-yenilikleri-ve-genel-özellikleri,BIREBIR,blog-post,migrate edildi
/post/autocad-2023-genel-bakış,/post/autocad-2023-genel-bakış,BIREBIR,blog-post,migrate edildi
/post/autocad-dwg-dosyaları-nasıl-revit-e-aktarılır,/post/autocad-dwg-dosyaları-nasıl-revit-e-aktarılır,BIREBIR,blog-post,migrate edildi
/post/autocad-lt-floating-windows-hareketli-pencereler,/post/autocad-lt-floating-windows-hareketli-pencereler,BIREBIR,blog-post,migrate edildi
/post/autocad-lt-nedir,/post/autocad-lt-nedir,BIREBIR,blog-post,yazı taşındı (2026-07-28)
/post/autocad-lt-trace-i-z,/post/autocad-lt-trace-i-z,BIREBIR,blog-post,migrate edildi
/post/autodesk-ai-daha-yaratıcı-ve-verimli-çalışmanıza-yardımcı-oluyor,/post/autodesk-ai-daha-yaratıcı-ve-verimli-çalışmanıza-yardımcı-oluyor,BIREBIR,blog-post,migrate edildi
/post/autodesk-alias,/post/autodesk-alias,BIREBIR,blog-post,migrate edildi
/post/autodesk-alias-alias-subd-ile-vr-oluşturun,/post/autodesk-alias-alias-subd-ile-vr-oluşturun,BIREBIR,blog-post,migrate edildi
/post/autodesk-alias-alt-bölüm-modelleme-iyileştirmeleri,/post/autodesk-alias-alt-bölüm-modelleme-iyileştirmeleri,BIREBIR,blog-post,migrate edildi
/post/autodesk-alias-assemblies-ve-shotgrid-ile-işbirliğini-geliştirin,/post/autodesk-alias-assemblies-ve-shotgrid-ile-işbirliğini-geliştirin,BIREBIR,blog-post,migrate edildi
/post/autodesk-alias-class-a-geliştirmeler,/post/autodesk-alias-class-a-geliştirmeler,BIREBIR,blog-post,migrate edildi
/post/autodesk-alias-deck-seam,/post/autodesk-alias-deck-seam,BIREBIR,blog-post,migrate edildi
/post/autodesk-alias-eskiz-ve-i-llüstrasyon-araçları,/post/autodesk-alias-eskiz-ve-i-llüstrasyon-araçları,BIREBIR,blog-post,migrate edildi
/post/autodesk-alias-esnek-ürün-modelleme,/post/autodesk-alias-esnek-ürün-modelleme,BIREBIR,blog-post,migrate edildi
/post/autodesk-alias-global-refit,/post/autodesk-alias-global-refit,BIREBIR,blog-post,migrate edildi
/post/autodesk-alias-hassas-yüzey-oluşturma,/post/autodesk-alias-hassas-yüzey-oluşturma,BIREBIR,blog-post,migrate edildi
/post/autodesk-alias-hızlı-konsept-modelleme,/post/autodesk-alias-hızlı-konsept-modelleme,BIREBIR,blog-post,migrate edildi
/post/autodesk-alias-mesh-aracından-geliştirilmiş-yüzey,/post/autodesk-alias-mesh-aracından-geliştirilmiş-yüzey,BIREBIR,blog-post,migrate edildi
/post/autodesk-alias-multibend-aracı,/post/autodesk-alias-multibend-aracı,BIREBIR,blog-post,migrate edildi
/post/autodesk-alias-subd-kullanıcı-profili,/post/autodesk-alias-subd-kullanıcı-profili,BIREBIR,blog-post,migrate edildi
/post/autodesk-alias-subd-retopo-aracı,/post/autodesk-alias-subd-retopo-aracı,BIREBIR,blog-post,migrate edildi
/post/autodesk-alias-tasarım-verilerinin-paylaşılması-ve-yeniden-kullanılması,/post/autodesk-alias-tasarım-verilerinin-paylaşılması-ve-yeniden-kullanılması,BIREBIR,blog-post,migrate edildi
/post/autodesk-alias-yeni-alt-bölüm-modelleme-araçları,/post/autodesk-alias-yeni-alt-bölüm-modelleme-araçları,BIREBIR,blog-post,migrate edildi
/post/autodesk-bim-360-bulutta-model-koordinasyonu-ve-çakışma,/post/autodesk-bim-360-bulutta-model-koordinasyonu-ve-çakışma,BIREBIR,blog-post,migrate edildi
/post/autodesk-bim-360-bulutta-tasarım-değişikliklerini-paylaşma,/post/autodesk-bim-360-bulutta-tasarım-değişikliklerini-paylaşma,BIREBIR,blog-post,migrate edildi
/post/autodesk-bim-360-projelerinizi-bulutta-yönetin,/post/autodesk-bim-360-projelerinizi-bulutta-yönetin,BIREBIR,blog-post,migrate edildi
/post/autodesk-bim-collaborate-pro-ile-revit-i̇ş-birliği,/post/autodesk-bim-collaborate-pro-ile-revit-i̇ş-birliği,BIREBIR,blog-post,migrate edildi
/post/autodesk-cfd,/post/autodesk-cfd,BIREBIR,blog-post,migrate edildi
/post/autodesk-cfd-hvac-riskleri-azaltın-daha-fazla-iş-kapatın,/post/autodesk-cfd-hvac-riskleri-azaltın-daha-fazla-iş-kapatın,BIREBIR,blog-post,migrate edildi
/post/autodesk-cfd-ile-akışkanlar-dinamiği-analizi,/post/autodesk-cfd-ile-akışkanlar-dinamiği-analizi,BIREBIR,blog-post,migrate edildi
/post/autodesk-formit-ve-autodesk-revit-ile-ön-tasarım-süreci,/post/autodesk-formit-ve-autodesk-revit-ile-ön-tasarım-süreci,BIREBIR,blog-post,migrate edildi
/post/autodesk-fusion-2024-yol-haritasına-göz-atın,/post/autodesk-fusion-2024-yol-haritasına-göz-atın,BIREBIR,blog-post,migrate edildi
/post/autodesk-fusion-360-dosyalarını-bilgisayarın-sabit-diskinde-depolamak,/post/autodesk-fusion-360-dosyalarını-bilgisayarın-sabit-diskinde-depolamak,BIREBIR,blog-post,migrate edildi
/post/autodesk-fusion-360-ile-mekanik-ve-elektronik-tasarım,/post/autodesk-fusion-360-ile-mekanik-ve-elektronik-tasarım,BIREBIR,blog-post,migrate edildi
/post/autodesk-fusion-360-ile-tasarımın-geleceği,/post/autodesk-fusion-360-ile-tasarımın-geleceği,BIREBIR,blog-post,migrate edildi
/post/autodesk-fusion-360-montaj-bileşenlerini-renklere-göre-i-lişkilendirme,/post/autodesk-fusion-360-montaj-bileşenlerini-renklere-göre-i-lişkilendirme,BIREBIR,blog-post,migrate edildi
/post/autodesk-fusion-360-ve-üretim-eklentisi-ile-hızlı-ve-verimli-cam-i-şlemleri,/post/autodesk-fusion-360-ve-üretim-eklentisi-ile-hızlı-ve-verimli-cam-i-şlemleri,BIREBIR,blog-post,migrate edildi
/post/autodesk-fusion-360-yazılımında-analiz-yöntemlerini-kullanarak-ürün-tasarımı,/post/autodesk-fusion-360-yazılımında-analiz-yöntemlerini-kullanarak-ürün-tasarımı,BIREBIR,blog-post,migrate edildi
/post/autodesk-fusion-360-yazılımının-kabiliyetini-arttıran-eklentiler,/post/autodesk-fusion-360-yazılımının-kabiliyetini-arttıran-eklentiler,BIREBIR,blog-post,migrate edildi
/post/autodesk-fusion-360-ın-yeni-özelliği-konfigürasyonlar,/post/autodesk-fusion-360-ın-yeni-özelliği-konfigürasyonlar,BIREBIR,blog-post,migrate edildi
/post/autodesk-fusion-da-yapay-zeka-destekli-otomatik-teknik-resim-tasarım-sürecinde-devrim,/post/autodesk-fusion-da-yapay-zeka-destekli-otomatik-teknik-resim-tasarım-sürecinde-devrim,BIREBIR,blog-post,migrate edildi
/post/autodesk-fusion-ile-teknik-resim-otomasyonu,/post/autodesk-fusion-ile-teknik-resim-otomasyonu,BIREBIR,blog-post,migrate edildi
/post/autodesk-fusion-industry-cloud-tasarım-yapay-zeka-ve-üretimde-geleceğe-bakış,/post/autodesk-fusion-industry-cloud-tasarım-yapay-zeka-ve-üretimde-geleceğe-bakış,BIREBIR,blog-post,migrate edildi
/post/autodesk-fusion-mart-guncellemesini-kesfedin,/post/autodesk-fusion-mart-guncellemesini-kesfedin,BIREBIR,blog-post,migrate edildi
/post/autodesk-fusion-ocak-guncellemesini-kesfedin,/post/autodesk-fusion-ocak-guncellemesini-kesfedin,BIREBIR,blog-post,migrate edildi
/post/autodesk-inventor-2021-sac-metal-tasarımlarınızı-nasıl-daha-hızlı-yapabilirsiniz,/post/autodesk-inventor-2021-sac-metal-tasarımlarınızı-nasıl-daha-hızlı-yapabilirsiniz,BIREBIR,blog-post,migrate edildi
/post/autodesk-inventor-2021-yenilikleri,/post/autodesk-inventor-2021-yenilikleri,BIREBIR,blog-post,migrate edildi
/post/autodesk-inventor-2022-yeni-özellikler,/post/autodesk-inventor-2022-yeni-özellikler,BIREBIR,blog-post,migrate edildi
/post/autodesk-inventor-2022-yenilikleri,/post/autodesk-inventor-2022-yenilikleri,BIREBIR,blog-post,migrate edildi
/post/autodesk-inventor-2023-yenilikleri,/post/autodesk-inventor-2023-yenilikleri,BIREBIR,blog-post,migrate edildi
/post/autodesk-inventor-cut-across-bend-komutu,/post/autodesk-inventor-cut-across-bend-komutu,BIREBIR,blog-post,migrate edildi
/post/autodesk-inventor-direct-komutu,/post/autodesk-inventor-direct-komutu,BIREBIR,blog-post,migrate edildi
/post/autodesk-inventor-i-çerik-merkezi-content-center-kütüphanesi,/post/autodesk-inventor-i-çerik-merkezi-content-center-kütüphanesi,BIREBIR,blog-post,migrate edildi
/post/autodesk-inventor-ilogic-ile-işlemlerinizi-otomatikleştirin,/post/autodesk-inventor-ilogic-ile-işlemlerinizi-otomatikleştirin,BIREBIR,blog-post,migrate edildi
/post/autodesk-inventor-intersection-komutu,/post/autodesk-inventor-intersection-komutu,BIREBIR,blog-post,migrate edildi
/post/autodesk-inventor-kesit-grafikler-ile-sketch-oluşturma,/post/autodesk-inventor-kesit-grafikler-ile-sketch-oluşturma,BIREBIR,blog-post,migrate edildi
/post/autodesk-inventor-model-sadeleştirme,/post/autodesk-inventor-model-sadeleştirme,BIREBIR,blog-post,migrate edildi
/post/autodesk-inventor-montaj-ortamında-görünmez-objeleri-toplu-seçebilme,/post/autodesk-inventor-montaj-ortamında-görünmez-objeleri-toplu-seçebilme,BIREBIR,blog-post,migrate edildi
/post/autodesk-inventor-mouse-orbit-özelliği,/post/autodesk-inventor-mouse-orbit-özelliği,BIREBIR,blog-post,migrate edildi
/post/autodesk-inventor-nastran-i-le-analiz-yöntemleri,/post/autodesk-inventor-nastran-i-le-analiz-yöntemleri,BIREBIR,blog-post,migrate edildi
/post/autodesk-inventor-open-file-location,/post/autodesk-inventor-open-file-location,BIREBIR,blog-post,migrate edildi
/post/autodesk-inventor-profiller-ile-çalışmak,/post/autodesk-inventor-profiller-ile-çalışmak,BIREBIR,blog-post,migrate edildi
/post/autodesk-inventor-project-özelliği-nasıl-kullanılır,/post/autodesk-inventor-project-özelliği-nasıl-kullanılır,BIREBIR,blog-post,migrate edildi
/post/autodesk-inventor-stl-dosyalarıyla-çalışmak,/post/autodesk-inventor-stl-dosyalarıyla-çalışmak,BIREBIR,blog-post,migrate edildi
/post/autodesk-inventor-tasarım-hızlandırıcı-aracı-ile-makina-elemanlarınızı-daha-kolay-modelleyin,/post/autodesk-inventor-tasarım-hızlandırıcı-aracı-ile-makina-elemanlarınızı-daha-kolay-modelleyin,BIREBIR,blog-post,migrate edildi
/post/autodesk-lisanslarının-evde-kullanımı-ve-tasarım-dosyalarının-paylaşımı,/post/autodesk-lisanslarının-evde-kullanımı-ve-tasarım-dosyalarının-paylaşımı,BIREBIR,blog-post,migrate edildi
/post/autodesk-navisworks-ile-proje-koordinasyonu-ve-i-ncelemesi,/post/autodesk-navisworks-ile-proje-koordinasyonu-ve-i-ncelemesi,BIREBIR,blog-post,migrate edildi
/post/autodesk-revit-2020-tips-tricks-yeni-başlayanlar-i-çin-i-puçları,/,KURAL,blog-post,"içerik yok/çok ince, ana sayfaya yönlendirildi"
/post/autodesk-revit-2020-yeni-başlayanlar-için-family-oluşturma,/post/autodesk-revit-2020-yeni-başlayanlar-için-family-oluşturma,BIREBIR,blog-post,migrate edildi
/post/autodesk-revit-2020-yeni-başlayanlar-için-mass-modelleme,/post/autodesk-revit-2020-yeni-başlayanlar-için-mass-modelleme,BIREBIR,blog-post,migrate edildi
/post/autodesk-revit-2021-ile-çatı-modelleme-teknikleri,/post/autodesk-revit-2021-ile-çatı-modelleme-teknikleri,BIREBIR,blog-post,migrate edildi
/post/autodesk-revit-2021-yeni-özellikleri,/post/autodesk-revit-2021-yeni-özellikleri,BIREBIR,blog-post,migrate edildi
/post/autodesk-revit-2022-1-update-ile-gelişen-align-komutu,/post/autodesk-revit-2022-1-update-ile-gelişen-align-komutu,BIREBIR,blog-post,migrate edildi
/post/autodesk-revit-2022-yeni-özellikler,/post/autodesk-revit-2022-yeni-özellikler,BIREBIR,blog-post,migrate edildi
/post/autodesk-revit-2022-yenilikleri,/post/autodesk-revit-2022-yenilikleri,BIREBIR,blog-post,migrate edildi
/post/autodesk-revit-ara-yüzü-disipline-göre-özelleştirme,/post/autodesk-revit-ara-yüzü-disipline-göre-özelleştirme,BIREBIR,blog-post,migrate edildi
/post/autodesk-revit-ara-yüzü-disipline-göre-özelleştirme-1,/post/autodesk-revit-ara-yüzü-disipline-göre-özelleştirme-1,BIREBIR,blog-post,migrate edildi
/post/autodesk-revit-döşeme-oluşturma,/post/autodesk-revit-döşeme-oluşturma,BIREBIR,blog-post,migrate edildi
/post/autodesk-revit-grid-i-le-aks-oluşturma-ve-aks-çizgilerini-özelleştirme,/post/autodesk-revit-grid-i-le-aks-oluşturma-ve-aks-çizgilerini-özelleştirme,BIREBIR,blog-post,migrate edildi
/post/autodesk-revit-görünüm-kopyalama-yöntemleri,/post/autodesk-revit-görünüm-kopyalama-yöntemleri,BIREBIR,blog-post,migrate edildi
/post/autodesk-revit-kaybolan-project-browser-panelini-geri-getirmek,/post/autodesk-revit-kaybolan-project-browser-panelini-geri-getirmek,BIREBIR,blog-post,migrate edildi
/post/autodesk-revit-klavye-kısa-yolları-özelleştirme,/post/autodesk-revit-klavye-kısa-yolları-özelleştirme,BIREBIR,blog-post,migrate edildi
/post/autodesk-revit-kolay-ölçülendirme-nasıl-yapılır,/post/autodesk-revit-kolay-ölçülendirme-nasıl-yapılır,BIREBIR,blog-post,migrate edildi
/post/autodesk-revit-kullanırken-bilinmesi-gereken-önemli-detaylar,/post/autodesk-revit-kullanırken-bilinmesi-gereken-önemli-detaylar,BIREBIR,blog-post,migrate edildi
/post/autodesk-revit-kütle-tasarım-aracı-ve-yapı-bilgi-modeline-dönüşümü,/post/autodesk-revit-kütle-tasarım-aracı-ve-yapı-bilgi-modeline-dönüşümü,BIREBIR,blog-post,migrate edildi
/post/autodesk-revit-pafta-oluşturma,/post/autodesk-revit-pafta-oluşturma,BIREBIR,blog-post,migrate edildi
/post/autodesk-revit-pdf-dosyalarınızı-revit-e-aktarın,/post/autodesk-revit-pdf-dosyalarınızı-revit-e-aktarın,BIREBIR,blog-post,migrate edildi
/post/autodesk-revit-proje-şablonu,/post/autodesk-revit-proje-şablonu,BIREBIR,blog-post,migrate edildi
/post/autodesk-revit-scope-box-ile-çalışmak,/post/autodesk-revit-scope-box-ile-çalışmak,BIREBIR,blog-post,migrate edildi
/post/autodesk-revit-te-kapı-ve-pencere-ekleme,/post/autodesk-revit-te-kapı-ve-pencere-ekleme,BIREBIR,blog-post,migrate edildi
/post/autodesk-revit-te-kaybolan-project-browser-panelini-nasıl-geri-getirebilirim,/,KURAL,blog-post,"içerik yok, aynı konuda migrate edilen ikiz yazı var: autodesk-revit-kaybolan-project-browser-panelini-geri-getirmek"
/post/autodesk-revit-te-rampa-modelleme,/post/autodesk-revit-te-rampa-modelleme,BIREBIR,blog-post,migrate edildi
/post/autodesk-revit-template-ayarlarınızı-disiplininize-göre-özelleştirin,/post/autodesk-revit-template-ayarlarınızı-disiplininize-göre-özelleştirin,BIREBIR,blog-post,migrate edildi
/post/autodesk-revit-ten-navisworks-e-i-nşaat-süreci-ve-metraj,/post/autodesk-revit-ten-navisworks-e-i-nşaat-süreci-ve-metraj,BIREBIR,blog-post,migrate edildi
/post/autodesk-revit-ve-autocad-linkli-dosya-paylaşımı,/post/autodesk-revit-ve-autocad-linkli-dosya-paylaşımı,BIREBIR,blog-post,migrate edildi
/post/autodesk-revit-ve-autodesk-robot-structural-analysis-ile-statik-analiz,/post/autodesk-revit-ve-autodesk-robot-structural-analysis-ile-statik-analiz,BIREBIR,blog-post,migrate edildi
/post/autodesk-revit-wall-komutu-ve-yeni-duvar-tipi-oluşturma,/post/autodesk-revit-wall-komutu-ve-yeni-duvar-tipi-oluşturma,BIREBIR,blog-post,migrate edildi
/post/autodesk-revit-yazılımı-ile-sıfırdan-family-yaratmak-ve-varolan-family-dosyalarını-düzenlemek,/post/autodesk-revit-yazılımı-ile-sıfırdan-family-yaratmak-ve-varolan-family-dosyalarını-düzenlemek,BIREBIR,blog-post,migrate edildi
/post/autodesk-revit-yazılımında-seçim-davranışını-kontrol-etme,/post/autodesk-revit-yazılımında-seçim-davranışını-kontrol-etme,BIREBIR,blog-post,migrate edildi
/post/autodesk-revit-yazılımında-topografya-modelleme,/post/autodesk-revit-yazılımında-topografya-modelleme,BIREBIR,blog-post,migrate edildi
/post/autodesk-revit-çizgi-stili-oluşturma-line-style-line-pattern,/post/autodesk-revit-çizgi-stili-oluşturma-line-style-line-pattern,BIREBIR,blog-post,migrate edildi
/post/autodesk-vred-animasyon-modülü,/post/autodesk-vred-animasyon-modülü,BIREBIR,blog-post,migrate edildi
/post/autodesk-vred-ekran-alanı-ortam-tıkanıklığı,/post/autodesk-vred-ekran-alanı-ortam-tıkanıklığı,BIREBIR,blog-post,migrate edildi
/post/autodesk-vred-etkileşimli-alan-derinliği,/post/autodesk-vred-etkileşimli-alan-derinliği,BIREBIR,blog-post,migrate edildi
/post/autodesk-vred-genişletilmiş-akış-yetenekleri,/post/autodesk-vred-genişletilmiş-akış-yetenekleri,BIREBIR,blog-post,migrate edildi
/post/autodesk-vred-gerçekçi-prototipleri-inceleyin-doğrulayın-ve-sergileyin,/post/autodesk-vred-gerçekçi-prototipleri-inceleyin-doğrulayın-ve-sergileyin,BIREBIR,blog-post,migrate edildi
/post/autodesk-vred-gölgeleri-geometriye-önceden-i-şleme,/post/autodesk-vred-gölgeleri-geometriye-önceden-i-şleme,BIREBIR,blog-post,migrate edildi
/post/autodesk-vred-güncellenmiş-uv-düzenleyici,/post/autodesk-vred-güncellenmiş-uv-düzenleyici,BIREBIR,blog-post,migrate edildi
/post/autodesk-vred-i-yileştirilmiş-kaliteli-render,/post/autodesk-vred-i-yileştirilmiş-kaliteli-render,BIREBIR,blog-post,migrate edildi
/post/autodesk-vred-i-şbirliğinde-esneklik,/post/autodesk-vred-i-şbirliğinde-esneklik,BIREBIR,blog-post,migrate edildi
/post/autodesk-vred-karmaşık-kontrol-modellerini-bir-araya-getirin-ve-bakımını-yapın,/post/autodesk-vred-karmaşık-kontrol-modellerini-bir-araya-getirin-ve-bakımını-yapın,BIREBIR,blog-post,migrate edildi
/post/autodesk-vred-malzeme-filtreleme-ve-gösterimi,/post/autodesk-vred-malzeme-filtreleme-ve-gösterimi,BIREBIR,blog-post,migrate edildi
/post/autodesk-vred-nedir,/post/autodesk-vred-nedir,BIREBIR,blog-post,migrate edildi
/post/autodesk-vred-render-geliştirmeleri,/post/autodesk-vred-render-geliştirmeleri,BIREBIR,blog-post,migrate edildi
/post/autodesk-vred-sanal-gerçeklik-etkileşimi,/post/autodesk-vred-sanal-gerçeklik-etkileşimi,BIREBIR,blog-post,migrate edildi
/post/autodesk-vred-sorunsuz-karar-verme-için-insanları-ve-verileri-birbirine-bağlayın,/post/autodesk-vred-sorunsuz-karar-verme-için-insanları-ve-verileri-birbirine-bağlayın,BIREBIR,blog-post,migrate edildi
/post/autodesk-vred-streaming-çözümü,/post/autodesk-vred-streaming-çözümü,BIREBIR,blog-post,migrate edildi
/post/autodesk-vred-varyantları-dönüştür,/post/autodesk-vred-varyantları-dönüştür,BIREBIR,blog-post,migrate edildi
/post/autodesk-vred-veri-işlemede-iyileştirmeler,/post/autodesk-vred-veri-işlemede-iyileştirmeler,BIREBIR,blog-post,migrate edildi
/post/autodesk-vred-vr-ve-performans-i-yileştirmeleri,/post/autodesk-vred-vr-ve-performans-i-yileştirmeleri,BIREBIR,blog-post,migrate edildi
/post/autodesk-vred-vred-go-dışa-aktarılabilir-dosya,/post/autodesk-vred-vred-go-dışa-aktarılabilir-dosya,BIREBIR,blog-post,migrate edildi
/post/autodesk-vred-yeniden-i-şlenmiş-malzeme-editörü,/post/autodesk-vred-yeniden-i-şlenmiş-malzeme-editörü,BIREBIR,blog-post,migrate edildi
/post/autodesk-çözümleri-i-le-ürünlerinizi-görselleştirin-ve-anime-edin,/post/autodesk-çözümleri-i-le-ürünlerinizi-görselleştirin-ve-anime-edin,BIREBIR,blog-post,migrate edildi
/post/bim-360-bulutta-ekipler-ile-çalışma-ve-erişim-i-zinlerini-yönetme,/post/bim-360-bulutta-ekipler-ile-çalışma-ve-erişim-i-zinlerini-yönetme,BIREBIR,blog-post,migrate edildi
/post/bim-süreçlerinin-autodesk-2021-çözümleri-ile-yönetimi,/post/bim-süreçlerinin-autodesk-2021-çözümleri-ile-yönetimi,BIREBIR,blog-post,migrate edildi
/post/bim360-design---proje-çıktılarını-geliştirmek-için-tasarım-ekiplerinizi-bulutta-bağlayın,/post/bim360-design---proje-çıktılarını-geliştirmek-için-tasarım-ekiplerinizi-bulutta-bağlayın,BIREBIR,blog-post,migrate edildi
/post/bim360-design-i-nşaat-sektöründe-en-uygun-i-şbirliği-süreçleri,/post/bim360-design-i-nşaat-sektöründe-en-uygun-i-şbirliği-süreçleri,BIREBIR,blog-post,migrate edildi
/post/bina-enerji-performansı-ve-sürdürülebilir-yapı-tasarımı-i-çin-gün-işığı-çalışmaları,/post/bina-enerji-performansı-ve-sürdürülebilir-yapı-tasarımı-i-çin-gün-işığı-çalışmaları,BIREBIR,blog-post,migrate edildi
/post/bulutun-potansiyelini-ortaya-çıkarma-autodesk-fusion-360-cad-cam-cae-ve-pcb,/post/bulutun-potansiyelini-ortaya-çıkarma-autodesk-fusion-360-cad-cam-cae-ve-pcb,BIREBIR,blog-post,migrate edildi
/post/burkulma-analizi,/post/burkulma-analizi,BIREBIR,blog-post,migrate edildi
/post/büyük-montajlarınızı-hafifletmek-ve-analize-hazırlamak-için-i̇puçları,/post/büyük-montajlarınızı-hafifletmek-ve-analize-hazırlamak-için-i̇puçları,BIREBIR,blog-post,migrate edildi
/post/cad-ve-plm-ile-desteklenmiş-immersive-xr-teknolojileri,/post/cad-ve-plm-ile-desteklenmiş-immersive-xr-teknolojileri,BIREBIR,blog-post,migrate edildi
/post/düşük-maliyetle-sahip-olabileceğiniz-autodesk-fusion-360-ile-cam-i-şlemlerini-nasıl-oluşturabiliriz,/post/düşük-maliyetle-sahip-olabileceğiniz-autodesk-fusion-360-ile-cam-i-şlemlerini-nasıl-oluşturabiliriz,BIREBIR,blog-post,migrate edildi
/post/endüstriyel-tasarım-ve-a-sınıfı-yüzey-modelleme-için-autodesk-alias,/post/endüstriyel-tasarım-ve-a-sınıfı-yüzey-modelleme-için-autodesk-alias,BIREBIR,blog-post,migrate edildi
/post/endüstriyel-tesis-tasarımı-ve-p-id-taslak-çizimine-genel-bakış,/post/endüstriyel-tesis-tasarımı-ve-p-id-taslak-çizimine-genel-bakış,BIREBIR,blog-post,migrate edildi
/post/factory-design-utilities,/post/factory-design-utilities,BIREBIR,blog-post,migrate edildi
/post/forge-platformu-ile-mühendislik-verilerinizi-görüntüleyin-paylaşın-yayınlayın,/post/forge-platformu-ile-mühendislik-verilerinizi-görüntüleyin-paylaşın-yayınlayın,BIREBIR,blog-post,migrate edildi
/post/fusion-360-3d-baskı-eklemeli-i-malat,/post/fusion-360-3d-baskı-eklemeli-i-malat,BIREBIR,blog-post,migrate edildi
/post/fusion-360-3d-metal-baskı-metal-eklemeli-imalat,/post/fusion-360-3d-metal-baskı-metal-eklemeli-imalat,BIREBIR,blog-post,migrate edildi
/post/fusion-360-additive-build-extension,/post/fusion-360-additive-build-extension,BIREBIR,blog-post,migrate edildi
/post/fusion-360-cam-4-ve-5-eksenli-eşzamanlı-frezeleme,/post/fusion-360-cam-4-ve-5-eksenli-eşzamanlı-frezeleme,BIREBIR,blog-post,migrate edildi
/post/fusion-360-da-i̇ki-düzlem-arasına-modeli-konumlandırmak,/post/fusion-360-da-i̇ki-düzlem-arasına-modeli-konumlandırmak,BIREBIR,blog-post,migrate edildi
/post/fusion-360-dökümantasyon,/post/fusion-360-dökümantasyon,BIREBIR,blog-post,migrate edildi
/post/fusion-360-dökümantasyon-1,/post/fusion-360-dökümantasyon-1,BIREBIR,blog-post,migrate edildi
/post/fusion-360-dökümantasyon-özellikleri-render-alma,/post/fusion-360-dökümantasyon-özellikleri-render-alma,BIREBIR,blog-post,migrate edildi
/post/fusion-360-ekim-güncellemesini-keşfedin,/post/fusion-360-ekim-güncellemesini-keşfedin,BIREBIR,blog-post,migrate edildi
/post/fusion-360-elektronik,/post/fusion-360-elektronik,BIREBIR,blog-post,migrate edildi
/post/fusion-360-elektronik-bileşen-kitaplığı-yönetimi,/post/fusion-360-elektronik-bileşen-kitaplığı-yönetimi,BIREBIR,blog-post,migrate edildi
/post/fusion-360-elektronik-mcad-ecad-birleştirme,/post/fusion-360-elektronik-mcad-ecad-birleştirme,BIREBIR,blog-post,migrate edildi
/post/fusion-360-elektronik-pcb-i-malatı-cam,/post/fusion-360-elektronik-pcb-i-malatı-cam,BIREBIR,blog-post,migrate edildi
/post/fusion-360-eylül-güncellemesini-keşfedin,/post/fusion-360-eylül-güncellemesini-keşfedin,BIREBIR,blog-post,migrate edildi
/post/fusion-360-fff-fused-filament-fabrication,/post/fusion-360-fff-fused-filament-fabrication,BIREBIR,blog-post,migrate edildi
/post/fusion-360-generative-design-bulut-ta-çözdür,/post/fusion-360-generative-design-bulut-ta-çözdür,BIREBIR,blog-post,migrate edildi
/post/fusion-360-generative-design-cad-dosyalarını-dışarı-aktar,/post/fusion-360-generative-design-cad-dosyalarını-dışarı-aktar,BIREBIR,blog-post,migrate edildi
/post/fusion-360-generative-design-eklentisi,/post/fusion-360-generative-design-eklentisi,BIREBIR,blog-post,migrate edildi
/post/fusion-360-generative-design-extension,/post/fusion-360-generative-design-extension,BIREBIR,blog-post,migrate edildi
/post/fusion-360-generative-design-makine-öğrenimi-ve-yapay-zeka,/post/fusion-360-generative-design-makine-öğrenimi-ve-yapay-zeka,BIREBIR,blog-post,migrate edildi
/post/fusion-360-generative-design-maliyetlendirme,/post/fusion-360-generative-design-maliyetlendirme,BIREBIR,blog-post,migrate edildi
/post/fusion-360-i-ş-birliği,/post/fusion-360-i-ş-birliği,BIREBIR,blog-post,migrate edildi
/post/fusion-360-i-ş-birliği-1,/post/fusion-360-i-ş-birliği-1,BIREBIR,blog-post,migrate edildi
/post/fusion-360-i-ş-birliği-2,/post/fusion-360-i-ş-birliği-2,BIREBIR,blog-post,migrate edildi
/post/fusion-360-i-ş-birliği-3,/post/fusion-360-i-ş-birliği-3,BIREBIR,blog-post,migrate edildi
/post/fusion-360-iş-birliği,/post/fusion-360-iş-birliği,BIREBIR,blog-post,migrate edildi
/post/fusion-360-manage-extension,/post/fusion-360-manage-extension,BIREBIR,blog-post,migrate edildi
/post/fusion-360-mart-güncellemesini-keşfedin,/post/fusion-360-mart-güncellemesini-keşfedin,BIREBIR,blog-post,migrate edildi
/post/fusion-360-mayıs-güncellemesini-keşfedin,/post/fusion-360-mayıs-güncellemesini-keşfedin,BIREBIR,blog-post,migrate edildi
/post/fusion-360-nisan-güncellemesini-keşfedin,/post/fusion-360-nisan-güncellemesini-keşfedin,BIREBIR,blog-post,migrate edildi
/post/fusion-360-ocak-güncellemesini-keşfedin,/post/fusion-360-ocak-güncellemesini-keşfedin,BIREBIR,blog-post,migrate edildi
/post/fusion-360-simulation-extension,/post/fusion-360-simulation-extension,BIREBIR,blog-post,migrate edildi
/post/fusion-360-simülasyon,/post/fusion-360-simülasyon,BIREBIR,blog-post,migrate edildi
/post/fusion-360-simülasyon-1,/post/fusion-360-simülasyon-1,BIREBIR,blog-post,migrate edildi
/post/fusion-360-simülasyon-2,/post/fusion-360-simülasyon-2,BIREBIR,blog-post,migrate edildi
/post/fusion-360-simülasyon-3,/post/fusion-360-simülasyon-3,BIREBIR,blog-post,migrate edildi
/post/fusion-360-simülasyon-4,/post/fusion-360-simülasyon-4,BIREBIR,blog-post,migrate edildi
/post/fusion-360-simülasyon-5,/post/fusion-360-simülasyon-5,BIREBIR,blog-post,migrate edildi
/post/fusion-360-simülasyon-6,/post/fusion-360-simülasyon-6,BIREBIR,blog-post,migrate edildi
/post/fusion-360-simülasyon-basitleştirme,/post/fusion-360-simülasyon-basitleştirme,BIREBIR,blog-post,migrate edildi
/post/fusion-360-simülasyon-çalışma-genişliği-study-breadth,/post/fusion-360-simülasyon-çalışma-genişliği-study-breadth,BIREBIR,blog-post,migrate edildi
/post/fusion-360-temmuz-güncellemesini-keşfedin,/post/fusion-360-temmuz-güncellemesini-keşfedin,BIREBIR,blog-post,migrate edildi
/post/fusion-360-veri-yönetimi,/post/fusion-360-veri-yönetimi,BIREBIR,blog-post,migrate edildi
/post/fusion-360-veri-yönetimi-1,/post/fusion-360-veri-yönetimi-1,BIREBIR,blog-post,migrate edildi
/post/fusion-360-veri-yönetimi-dosya-dışa-aktarma,/post/fusion-360-veri-yönetimi-dosya-dışa-aktarma,BIREBIR,blog-post,migrate edildi
/post/fusion-360-veri-yönetimi-fusion-team,/post/fusion-360-veri-yönetimi-fusion-team,BIREBIR,blog-post,migrate edildi
/post/fusion-360-örgü-mesh-modelleme,/post/fusion-360-örgü-mesh-modelleme,BIREBIR,blog-post,migrate edildi
/post/fusion-360-üretken-tasarım,/post/fusion-360-üretken-tasarım,BIREBIR,blog-post,migrate edildi
/post/fusion-360-şubat-güncellemesini-keşfedin,/post/fusion-360-şubat-güncellemesini-keşfedin,BIREBIR,blog-post,migrate edildi
/post/fusion360-ile-prototipten-urune,/post/fusion360-ile-prototipten-urune,BIREBIR,blog-post,migrate edildi
/post/güncellemeyi-erteleme-özelliği-hakkında-en-önemli-10-soru-ve-yanıt,/post/güncellemeyi-erteleme-özelliği-hakkında-en-önemli-10-soru-ve-yanıt,BIREBIR,blog-post,migrate edildi
/post/inventor-teknik-resimde-delik-merkezlerini-otomatik-i-şaretlemek,/post/inventor-teknik-resimde-delik-merkezlerini-otomatik-i-şaretlemek,BIREBIR,blog-post,migrate edildi
/post/inventor-çizim-oluşturma,/post/inventor-çizim-oluşturma,BIREBIR,blog-post,migrate edildi
/post/işbirliği-ve-dosya-paylaşımları-yapmak-için-ücretsiz-uygulamalar,/post/işbirliği-ve-dosya-paylaşımları-yapmak-için-ücretsiz-uygulamalar,BIREBIR,blog-post,migrate edildi
/post/karmaşık-tasarımlarınızdaki-borulama-ve-kablolama-işlemlerinizi-autodesk-inventor-ile-çözümleyin,/post/karmaşık-tasarımlarınızdaki-borulama-ve-kablolama-işlemlerinizi-autodesk-inventor-ile-çözümleyin,BIREBIR,blog-post,migrate edildi
/post/makine-elemanlarının-kesit-görünümünü-oluşturmak,/post/makine-elemanlarının-kesit-görünümünü-oluşturmak,BIREBIR,blog-post,migrate edildi
/post/mekanik-ve-elektrik-tesisatı-için-bim-in-tüm-gücünü-ortaya-çıkarın,/post/mekanik-ve-elektrik-tesisatı-için-bim-in-tüm-gücünü-ortaya-çıkarın,BIREBIR,blog-post,migrate edildi
/post/mimari-projelerde-görselleştirme-çalışmaları,/post/mimari-projelerde-görselleştirme-çalışmaları,BIREBIR,blog-post,migrate edildi
/post/mimari-yapısal-mühendislik-mep-çözümlerine-genel-bakış,/post/mimari-yapısal-mühendislik-mep-çözümlerine-genel-bakış,BIREBIR,blog-post,migrate edildi
/post/montajlarınızı-kopyalamak-parçaların-i-smini-değiştirmek-veri-yönetimi-pdm-i-le-daha-kolay,/post/montajlarınızı-kopyalamak-parçaların-i-smini-değiştirmek-veri-yönetimi-pdm-i-le-daha-kolay,BIREBIR,blog-post,migrate edildi
/post/nesting-utility-ile-autodesk-inventor-üzerinde-sac-parça-yerleşimi,/post/nesting-utility-ile-autodesk-inventor-üzerinde-sac-parça-yerleşimi,BIREBIR,blog-post,migrate edildi
/post/ofise-dönüş-zamanı-geldiğinde-i-nsan-hareketliliği-ve-tasarım-simülasyonları,/post/ofise-dönüş-zamanı-geldiğinde-i-nsan-hareketliliği-ve-tasarım-simülasyonları,BIREBIR,blog-post,migrate edildi
/post/ofise-dönüş-zamanı-geldiğinde-sosyal-mesafe-için-alan-planlaması-revit-generative-design,/post/ofise-dönüş-zamanı-geldiğinde-sosyal-mesafe-için-alan-planlaması-revit-generative-design,BIREBIR,blog-post,migrate edildi
/post/olay-simülasyonu,/post/olay-simülasyonu,BIREBIR,blog-post,migrate edildi
/post/pcb-düzeni,/post/pcb-düzeni,BIREBIR,blog-post,migrate edildi
/post/pdm-ve-plm-arasındaki-farklar-nedir-neden-ikisine-de-ihtiyacımız-var,/post/pdm-ve-plm-arasındaki-farklar-nedir-neden-ikisine-de-ihtiyacımız-var,BIREBIR,blog-post,migrate edildi
/post/pdm-ve-plm-sistemleri-ürün-kalitesi-ve-proje-yönetimine-nasıl-bir-katkı-sağlar,/post/pdm-ve-plm-sistemleri-ürün-kalitesi-ve-proje-yönetimine-nasıl-bir-katkı-sağlar,BIREBIR,blog-post,migrate edildi
/post/plant-3d-bim-360-design-i-ş-akışı,/post/plant-3d-bim-360-design-i-ş-akışı,BIREBIR,blog-post,migrate edildi
/post/plant-3d-revit-navisworks-infraworks-i-ş-akışı,/post/plant-3d-revit-navisworks-infraworks-i-ş-akışı,BIREBIR,blog-post,migrate edildi
/post/prekast-ve-prefabrik-yapılarınızı-autodesk-ürünleri-ile-hızlıca-çözün,/post/prekast-ve-prefabrik-yapılarınızı-autodesk-ürünleri-ile-hızlıca-çözün,BIREBIR,blog-post,migrate edildi
/post/projenin-başarısı-i-çin-yapı-i-nşa-sürecindeki-kayıpların-ortadan-kaldırılması,/post/projenin-başarısı-i-çin-yapı-i-nşa-sürecindeki-kayıpların-ortadan-kaldırılması,BIREBIR,blog-post,migrate edildi
/post/revit-2021-merdiven-modelleme-teknikleri,/post/revit-2021-merdiven-modelleme-teknikleri,BIREBIR,blog-post,migrate edildi
/post/revit-için-dynamo-ya-giriş-i,/post/revit-için-dynamo-ya-giriş-i,BIREBIR,blog-post,migrate edildi
/post/revit-için-dynamo-ya-giriş-ii,/post/revit-için-dynamo-ya-giriş-ii,BIREBIR,blog-post,migrate edildi
/post/revit-için-dynamo-ya-giriş-iii,/post/revit-için-dynamo-ya-giriş-iii,BIREBIR,blog-post,migrate edildi
/post/revit-kesit,/post/revit-kesit,BIREBIR,blog-post,migrate edildi
/post/simülasyon-analiz,/post/simülasyon-analiz,BIREBIR,blog-post,migrate edildi
/post/simülasyon-ve-analiz-çözümleri,/post/simülasyon-ve-analiz-çözümleri,BIREBIR,blog-post,migrate edildi
/post/spice-simülasyonu,/post/spice-simülasyonu,BIREBIR,blog-post,migrate edildi
/post/tasarla-üret-çalıştır-fusion-360-ile-bulutta-dijital-i-kiz-oluşturma,/post/tasarla-üret-çalıştır-fusion-360-ile-bulutta-dijital-i-kiz-oluşturma,BIREBIR,blog-post,migrate edildi
/post/tasarım-ve-i-nşaat-aşamasında-i-nşaat-ekipleri-arasındaki-koordinasyonu-autodesk-ile-yönetmek,/post/tasarım-ve-i-nşaat-aşamasında-i-nşaat-ekipleri-arasındaki-koordinasyonu-autodesk-ile-yönetmek,BIREBIR,blog-post,migrate edildi
/post/tasarım-ve-üretim-süreçlerinizi-optimize-edin,/post/tasarım-ve-üretim-süreçlerinizi-optimize-edin,BIREBIR,blog-post,migrate edildi
/post/tasarım-çıktılarınızı-en-hızlı-şekilde-elde-edin-hızlı-tasarım-doğru-maliyet-sorunsuz-paftalar,/post/tasarım-çıktılarınızı-en-hızlı-şekilde-elde-edin-hızlı-tasarım-doğru-maliyet-sorunsuz-paftalar,BIREBIR,blog-post,migrate edildi
/post/tasarımdan-planlamaya-tedarikten-üretime-yeni-nesil-cad-cam-cae-çözümleri,/post/tasarımdan-planlamaya-tedarikten-üretime-yeni-nesil-cad-cam-cae-çözümleri,BIREBIR,blog-post,migrate edildi
/post/tasarımı-hızlandırıp-üretimle-birleştiren-en-i̇yi-10-araç-seti,/post/tasarımı-hızlandırıp-üretimle-birleştiren-en-i̇yi-10-araç-seti,BIREBIR,blog-post,migrate edildi
/post/tüm-yapı-sürecini-üret-paylaş-yönet-uçtan-uca-ofis-şantiye-entegrasyonu,/post/tüm-yapı-sürecini-üret-paylaş-yönet-uçtan-uca-ofis-şantiye-entegrasyonu,BIREBIR,blog-post,migrate edildi
/post/uzaktan-çalışan-veya-kalabalık-ekip-üyeleri-için-bulut-tabanlı-tasarım,/post/uzaktan-çalışan-veya-kalabalık-ekip-üyeleri-için-bulut-tabanlı-tasarım,BIREBIR,blog-post,migrate edildi
/post/verilerinizi-fusion-360-ile-kolayca-yönetin,/post/verilerinizi-fusion-360-ile-kolayca-yönetin,BIREBIR,blog-post,migrate edildi
/post/yapılardaki-havalandırma-kanallarının-modellenmesi-ve-i̇malat-resimlerinin-elde-edilmesi,/post/yapılardaki-havalandırma-kanallarının-modellenmesi-ve-i̇malat-resimlerinin-elde-edilmesi,BIREBIR,blog-post,migrate edildi
/post/yazılımların-uyumu-ile-görselleştirmeye-adım-adım,/post/yazılımların-uyumu-ile-görselleştirmeye-adım-adım,BIREBIR,blog-post,migrate edildi
/post/yönetimi-anycad,/post/yönetimi-anycad,BIREBIR,blog-post,migrate edildi
/post/üretim-sektörü-için-autodesk-2021-çözümleri-ile-dijitalleşme,/post/üretim-sektörü-için-autodesk-2021-çözümleri-ile-dijitalleşme,BIREBIR,blog-post,migrate edildi
/post/üretim-sektörü-için-bim-bim-objects,/post/üretim-sektörü-için-bim-bim-objects,BIREBIR,blog-post,migrate edildi
/post/üretim-sektörü-için-bim-bim-objects-1,/post/üretim-sektörü-için-bim-bim-objects-1,BIREBIR,blog-post,migrate edildi
/post/üretim-ve-yapı-sektörlerinin-birlikte-çalışabilirlik-ve-sürdürülebilirlik-prensipleri,/post/üretim-ve-yapı-sektörlerinin-birlikte-çalışabilirlik-ve-sürdürülebilirlik-prensipleri,BIREBIR,blog-post,migrate edildi
/raster-design,/autocad,KURAL,ana,toolset
/recap-pro,/recap-pro,BIREBIR,ana,
/revit,/revit,BIREBIR,ana,
/revit-lt,/revit-lt,BIREBIR,ana,
/robot-structure-analysis,/robot-structural,KURAL,ana,slug farkı
/sanatsalbaski,/sanatsal-baski,KURAL,ana,slug farkı
/simulasyon-ve-analiz,/simulasyon,KURAL,ana,
/simulasyon-ve-analiz-yazilimlari,/simulasyon,KURAL,ana,
/sketchup,/sketchup,BIREBIR,ana,
/sketchup/3d-warehouse,/sketchup,KURAL,koleksiyon:sketchup,"ayrı satılan ürün değil, ana marka sayfasına yönlendirildi (onaylandı)"
/sketchup/extension-warehouse,/sketchup,KURAL,koleksiyon:sketchup,"ayrı satılan ürün değil, ana marka sayfasına yönlendirildi (onaylandı)"
/sketchup/layout,/sketchup,KURAL,koleksiyon:sketchup,"ayrı satılan ürün değil, ana marka sayfasına yönlendirildi (onaylandı)"
/sketchup/predesign,/sketchup,KURAL,koleksiyon:sketchup,"ayrı satılan ürün değil, ana marka sayfasına yönlendirildi (onaylandı)"
/sketchup/scan-essentials,/sketchup,KURAL,koleksiyon:sketchup,"ayrı satılan ürün değil, ana marka sayfasına yönlendirildi (onaylandı)"
/sketchup/sketchup-for-ipad,/sketchup,KURAL,koleksiyon:sketchup,"ayrı satılan ürün değil, ana marka sayfasına yönlendirildi (onaylandı)"
/sketchup/sketchup-go,/sketchup-go,KURAL,koleksiyon:sketchup,model eşleşmesi: go
/sketchup/sketchup-pro,/sketchup,KURAL,koleksiyon:sketchup,model eşleşmesi: pro
/sketchup/sketchup-studio,/sketchup-studio,KURAL,koleksiyon:sketchup,model eşleşmesi: studio
/sketchup/sketchup-viewer,/sketchup,KURAL,koleksiyon:sketchup,"ayrı satılan ürün değil, ana marka sayfasına yönlendirildi (onaylandı)"
/sketchup/style-builder,/sketchup,KURAL,koleksiyon:sketchup,"ayrı satılan ürün değil, ana marka sayfasına yönlendirildi (onaylandı)"
/sketchup/trimble-connect,/trimble-connect,KURAL,koleksiyon:sketchup,model eşleşmesi: connect
/statik,/revit,KURAL,ana,statik kategori → Revit'e yönlendirildi (onaylandı)
/statik-yazilimlari,/revit,KURAL,ana,statik kategori → Revit'e yönlendirildi (onaylandı)
/surdurulebilirlik,/surdurulebilirlik,BIREBIR,ana,
/tasarim-otomasyonu,/tasarim-otomasyonu,BIREBIR,ana,
/teklif-iste,/iletisim,KURAL,ana,
/tesis-tasarimi-icin-bim,/bim,KURAL,ana,
/tolerans-analizi,/tolerans-analizi,BIREBIR,ana,
/ultimaker,/ultimaker,BIREBIR,ana,
/ultimaker-3d-yazicilar,/ultimaker,KURAL,ana,
/ultimaker-3d-yazicilar/ultimaker-2%2B-connect,/ultimaker,KURAL,koleksiyon:ultimaker-3d-yazicilar,"2+ Connect EOL, yerine geçen model sayfası yok, marka hub sayfasına yönlendirildi (onaylandı)"
/ultimaker-3d-yazicilar/ultimaker-s3,/ultimaker,KURAL,koleksiyon:ultimaker-3d-yazicilar,model eşleşmesi: s3
/ultimaker-3d-yazicilar/ultimaker-s5,/ultimaker,KURAL,koleksiyon:ultimaker-3d-yazicilar,model eşleşmesi: s5
/ultimaker-3d-yazicilar/ultimaker-s5-pro-bundle-,/ultimaker,KURAL,koleksiyon:ultimaker-3d-yazicilar,model eşleşmesi: s5
/ultimaker-3d-yazicilar/ultimaker-s7,/ultimaker,KURAL,koleksiyon:ultimaker-3d-yazicilar,model eşleşmesi: s7
/ultimaker-aksesuar,/ultimaker,KURAL,ana,"geçici — UltiMaker aksesuar sayfası planlandı, açılınca hedef güncellenecek"
/ultimaker-aksesuar/ultimaker-air-manager,/ultimaker,KURAL,koleksiyon:ultimaker-aksesuar,geçici — UltiMaker aksesuar sayfası planlandı
/ultimaker-aksesuar/ultimaker-bask%C4%B1-h%C3%BCcreleri,/ultimaker,KURAL,koleksiyon:ultimaker-aksesuar,geçici — UltiMaker aksesuar sayfası planlandı
/ultimaker-aksesuar/ultimaker-metal-bask%C4%B1-kiti,/ultimaker,KURAL,koleksiyon:ultimaker-aksesuar,geçici — UltiMaker aksesuar sayfası planlandı
/ultimaker-aksesuar/ultimaker-pva-kald%C4%B1rma-i%CC%87stasyonu,/ultimaker,KURAL,koleksiyon:ultimaker-aksesuar,geçici — UltiMaker aksesuar sayfası planlandı
/ultimaker-aksesuar/ultimaker-s5-material-station,/ultimaker,KURAL,koleksiyon:ultimaker-aksesuar,geçici — UltiMaker aksesuar sayfası planlandı
/urun-tasarimi-uretim-yazilimlari,/pdm-collection,KURAL,ana,
/urunler,/urunler,BIREBIR,ana,
/vault-pdm,/vault-pdm,BIREBIR,ana,
/vault-plm,/vault-pdm,KURAL,ana,Vault PLM bölümü vault-pdm sayfasında
/video-oyun-tasarimi,/sektor-medya,KURAL,ana,
/vred,/vred,BIREBIR,ana,yeni VRED ürün sayfası oluşturuldu (2026-07-28)
/webinar,/webinar,BIREBIR,ana,"gerçek webinar takvimi kuruldu, 9 aktif webinar (2026-07-28)"
/yapi-urunleri-ureticileri-icin-bim,/bim,KURAL,ana,
/yapi-urunleri-uretim-ve-imalati,/bim,KURAL,ana,
/yapisal-mühendislik-icin-bim,/bim,KURAL,ana,URL'de Türkçe karakter vardı
/yazilim-gelistirme,/yazilim-gelistirme,BIREBIR,ana,
